label,mf_thresh,ef_thresh,mf_extra_pct,ef_extra_pct,cfd_entry_thresh,total_injected_usd,total_gold_deployed,final_oz,avg_cost_usd,last_price,gold_value_usd,dca_cash_usd,cfd_capital_usd,total_assets_usd,total_return_usd,return_pct,n_buys,n_weekly_buys,n_mod_fear_buys,n_ext_fear_buys,n_sells,total_sell_proceeds,cfd_n_trades,cfd_n_tp,cfd_n_sl,cfd_win_rate_pct,cfd_pnl_usd
mf45_ef25_mp2.00_ep20.0_cfd30,45,25,2.0,20.0,30,13000.0,17424.12,4.6526,2374.13,4319.19,20095.43,785.74,2451.07,23332.25,10332.25,79.48,314,198,62,54,41,6209.86,13,8,5,61.5,1451.07
mf45_ef25_mp2.00_ep20.0_cfd35,45,25,2.0,20.0,35,13000.0,17424.12,4.6526,2374.13,4319.19,20095.43,785.74,2334.16,23215.33,10215.33,78.58,314,198,62,54,41,6209.86,7,6,1,85.7,1334.16
mf45_ef25_mp1.50_ep20.0_cfd30,45,25,1.5,20.0,30,13000.0,17255.0,4.6049,2382.74,4319.19,19889.62,846.58,2451.07,23187.27,10187.27,78.36,314,198,62,54,41,6101.58,13,8,5,61.5,1451.07
mf40_ef25_mp2.00_ep20.0_cfd30,40,25,2.0,20.0,30,13000.0,17239.68,4.5985,2384.2,4319.19,19861.6,869.36,2451.07,23182.03,10182.03,78.32,314,212,48,54,41,6109.04,13,8,5,61.5,1451.07
mf45_ef25_mp1.25_ep20.0_cfd30,45,25,1.25,20.0,30,13000.0,17167.31,4.5802,2387.22,4319.19,19782.88,878.71,2451.07,23112.66,10112.66,77.79,314,198,62,54,41,6046.01,13,8,5,61.5,1451.07
mf45_ef25_mp2.00_ep17.5_cfd30,45,25,2.0,17.5,30,13000.0,17042.74,4.5404,2376.66,4319.19,19610.99,1045.69,2451.07,23107.76,10107.76,77.75,314,198,62,54,41,6088.43,13,8,5,61.5,1451.07
mf40_ef25_mp1.50_ep20.0_cfd30,40,25,1.5,20.0,30,13000.0,17110.3,4.5626,2390.63,4319.19,19706.61,913.12,2451.07,23070.8,10070.8,77.47,314,212,48,54,41,6023.42,13,8,5,61.5,1451.07
mf45_ef25_mp1.50_ep20.0_cfd35,45,25,1.5,20.0,35,13000.0,17255.0,4.6049,2382.74,4319.19,19889.62,846.58,2334.16,23070.35,10070.35,77.46,314,198,62,54,41,6101.58,7,6,1,85.7,1334.16
mf40_ef25_mp2.00_ep20.0_cfd35,40,25,2.0,20.0,35,13000.0,17239.68,4.5985,2384.2,4319.19,19861.6,869.36,2334.16,23065.12,10065.12,77.42,314,212,48,54,41,6109.04,7,6,1,85.7,1334.16
mf35_ef25_mp2.00_ep20.0_cfd30,35,25,2.0,20.0,30,13000.0,17001.97,4.558,2395.72,4319.19,19686.76,911.84,2451.07,23049.68,10049.68,77.31,314,226,34,54,41,5913.82,13,8,5,61.5,1451.07
mf45_ef25_mp1.00_ep20.0_cfd30,45,25,1.0,20.0,30,13000.0,17077.45,4.5549,2391.82,4319.19,19673.49,912.03,2451.07,23036.59,10036.59,77.2,314,198,62,54,41,5989.48,13,8,5,61.5,1451.07
mf40_ef25_mp1.25_ep20.0_cfd30,40,25,1.25,20.0,30,13000.0,17043.97,4.5442,2393.94,4319.19,19627.07,935.82,2451.07,23013.97,10013.97,77.03,314,212,48,54,41,5979.79,13,8,5,61.5,1451.07
mf45_ef25_mp1.25_ep20.0_cfd35,45,25,1.25,20.0,35,13000.0,17167.31,4.5802,2387.22,4319.19,19782.88,878.71,2334.16,22995.74,9995.74,76.89,314,198,62,54,41,6046.01,7,6,1,85.7,1334.16
mf45_ef25_mp2.00_ep17.5_cfd35,45,25,2.0,17.5,35,13000.0,17042.74,4.5404,2376.66,4319.19,19610.99,1045.69,2334.16,22990.85,9990.85,76.85,314,198,62,54,41,6088.43,7,6,1,85.7,1334.16
mf35_ef25_mp1.50_ep20.0_cfd30,35,25,1.5,20.0,30,13000.0,16928.34,4.5313,2399.52,4319.19,19571.68,946.48,2451.07,22969.23,9969.23,76.69,314,226,34,54,41,5874.81,13,8,5,61.5,1451.07
mf45_ef25_mp2.00_ep20.0_cfd40,45,25,2.0,20.0,40,13000.0,17424.12,4.6526,2374.13,4319.19,20095.43,785.74,2081.98,22963.15,9963.15,76.64,314,198,62,54,41,6209.86,5,5,0,100.0,1081.98
mf45_ef25_mp0.75_ep20.0_cfd30,45,25,0.75,20.0,30,13000.0,16985.36,4.5289,2396.54,4319.19,19561.36,946.59,2451.07,22959.02,9959.02,76.61,314,198,62,54,41,5931.95,13,8,5,61.5,1451.07
mf40_ef25_mp1.00_ep20.0_cfd30,40,25,1.0,20.0,30,13000.0,16976.53,4.5254,2397.31,4319.19,19546.14,959.09,2451.07,22956.3,9956.3,76.59,314,212,48,54,41,5935.61,13,8,5,61.5,1451.07
mf40_ef25_mp1.50_ep20.0_cfd35,40,25,1.5,20.0,35,13000.0,17110.3,4.5626,2390.63,4319.19,19706.61,913.12,2334.16,22953.89,9953.89,76.57,314,212,48,54,41,6023.42,7,6,1,85.7,1334.16
mf45_ef25_mp1.50_ep17.5_cfd30,45,25,1.5,17.5,30,13000.0,16849.01,4.4858,2385.05,4319.19,19374.91,1126.99,2451.07,22952.97,9952.97,76.56,314,198,62,54,41,5975.99,13,8,5,61.5,1451.07
mf40_ef25_mp2.00_ep17.5_cfd30,40,25,2.0,17.5,30,13000.0,16827.56,4.4772,2386.28,4319.19,19338.03,1156.98,2451.07,22946.08,9946.08,76.51,314,212,48,54,41,5984.54,13,8,5,61.5,1451.07
mf35_ef25_mp2.00_ep20.0_cfd35,35,25,2.0,20.0,35,13000.0,17001.97,4.558,2395.72,4319.19,19686.76,911.84,2334.16,22932.77,9932.77,76.41,314,226,34,54,41,5913.82,7,6,1,85.7,1334.16
mf35_ef25_mp1.25_ep20.0_cfd30,35,25,1.25,20.0,30,13000.0,16890.76,4.5177,2401.45,4319.19,19513.0,964.26,2451.07,22928.34,9928.34,76.37,314,226,34,54,41,5855.03,13,8,5,61.5,1451.07
mf45_ef25_mp1.00_ep20.0_cfd35,45,25,1.0,20.0,35,13000.0,17077.45,4.5549,2391.82,4319.19,19673.49,912.03,2334.16,22919.67,9919.67,76.31,314,198,62,54,41,5989.48,7,6,1,85.7,1334.16
mf40_ef25_mp0.75_ep20.0_cfd30,40,25,0.75,20.0,30,13000.0,16907.93,4.5063,2400.76,4319.19,19463.77,982.94,2451.07,22897.78,9897.78,76.14,314,212,48,54,41,5890.87,13,8,5,61.5,1451.07
mf40_ef25_mp1.25_ep20.0_cfd35,40,25,1.25,20.0,35,13000.0,17043.97,4.5442,2393.94,4319.19,19627.07,935.82,2334.16,22897.05,9897.05,76.13,314,212,48,54,41,5979.79,7,6,1,85.7,1334.16
mf35_ef25_mp1.00_ep20.0_cfd30,35,25,1.0,20.0,30,13000.0,16852.68,4.504,2403.41,4319.19,19453.55,982.37,2451.07,22887.0,9887.0,76.05,314,226,34,54,41,5835.05,13,8,5,61.5,1451.07
mf45_ef25_mp2.00_ep15.0_cfd30,45,25,2.0,15.0,30,13000.0,16580.66,4.4093,2375.32,4319.19,19044.5,1380.39,2451.07,22875.97,9875.97,75.97,314,198,62,54,41,5961.05,13,8,5,61.5,1451.07
mf45_ef25_mp1.25_ep17.5_cfd30,45,25,1.25,17.5,30,13000.0,16748.36,4.4574,2389.4,4319.19,19252.25,1169.93,2451.07,22873.25,9873.25,75.95,314,198,62,54,41,5918.28,13,8,5,61.5,1451.07
mf35_ef25_mp1.50_ep20.0_cfd35,35,25,1.5,20.0,35,13000.0,16928.34,4.5313,2399.52,4319.19,19571.68,946.48,2334.16,22852.32,9852.32,75.79,314,226,34,54,41,5874.81,7,6,1,85.7,1334.16
mf35_ef25_mp0.75_ep20.0_cfd30,35,25,0.75,20.0,30,13000.0,16814.07,4.49,2405.4,4319.19,19393.31,1000.81,2451.07,22845.2,9845.2,75.73,314,226,34,54,41,5814.89,13,8,5,61.5,1451.07
mf45_ef25_mp0.75_ep20.0_cfd35,45,25,0.75,20.0,35,13000.0,16985.36,4.5289,2396.54,4319.19,19561.36,946.59,2334.16,22842.11,9842.11,75.71,314,198,62,54,41,5931.95,7,6,1,85.7,1334.16
mf40_ef25_mp1.00_ep20.0_cfd35,40,25,1.0,20.0,35,13000.0,16976.53,4.5254,2397.31,4319.19,19546.14,959.09,2334.16,22839.38,9839.38,75.69,314,212,48,54,41,5935.61,7,6,1,85.7,1334.16
mf45_ef25_mp1.50_ep17.5_cfd35,45,25,1.5,17.5,35,13000.0,16849.01,4.4858,2385.05,4319.19,19374.91,1126.99,2334.16,22836.05,9836.05,75.66,314,198,62,54,41,5975.99,7,6,1,85.7,1334.16
mf40_ef25_mp2.00_ep17.5_cfd35,40,25,2.0,17.5,35,13000.0,16827.56,4.4772,2386.28,4319.19,19338.03,1156.98,2334.16,22829.17,9829.17,75.61,314,212,48,54,41,5984.54,7,6,1,85.7,1334.16
mf40_ef25_mp1.50_ep17.5_cfd30,40,25,1.5,17.5,30,13000.0,16679.88,4.4362,2392.57,4319.19,19160.9,1215.56,2451.07,22827.53,9827.53,75.6,314,212,48,54,41,5895.44,13,8,5,61.5,1451.07
mf45_ef25_mp1.50_ep20.0_cfd40,45,25,1.5,20.0,40,13000.0,17255.0,4.6049,2382.74,4319.19,19889.62,846.58,2081.98,22818.18,9818.18,75.52,314,198,62,54,41,6101.58,5,5,0,100.0,1081.98
mf40_ef25_mp2.00_ep20.0_cfd40,40,25,2.0,20.0,40,13000.0,17239.68,4.5985,2384.2,4319.19,19861.6,869.36,2081.98,22812.94,9812.94,75.48,314,212,48,54,41,6109.04,5,5,0,100.0,1081.98
mf35_ef25_mp1.25_ep20.0_cfd35,35,25,1.25,20.0,35,13000.0,16890.76,4.5177,2401.45,4319.19,19513.0,964.26,2334.16,22811.43,9811.43,75.47,314,226,34,54,41,5855.03,7,6,1,85.7,1334.16
mf35_ef25_mp2.00_ep17.5_cfd30,35,25,2.0,17.5,30,13000.0,16568.62,4.4318,2397.91,4319.19,19141.64,1213.93,2451.07,22806.64,9806.64,75.44,314,226,34,54,41,5782.55,13,8,5,61.5,1451.07
mf45_ef25_mp1.00_ep17.5_cfd30,45,25,1.0,17.5,30,13000.0,16645.09,4.4282,2393.87,4319.19,19126.39,1214.47,2451.07,22791.93,9791.93,75.32,314,198,62,54,41,5859.56,13,8,5,61.5,1451.07
mf40_ef25_mp0.75_ep20.0_cfd35,40,25,0.75,20.0,35,13000.0,16907.93,4.5063,2400.76,4319.19,19463.77,982.94,2334.16,22780.87,9780.87,75.24,314,212,48,54,41,5890.87,7,6,1,85.7,1334.16
mf35_ef25_mp1.00_ep20.0_cfd35,35,25,1.0,20.0,35,13000.0,16852.68,4.504,2403.41,4319.19,19453.55,982.37,2334.16,22770.08,9770.08,75.15,314,226,34,54,41,5835.05,7,6,1,85.7,1334.16
mf40_ef25_mp1.25_ep17.5_cfd30,40,25,1.25,17.5,30,13000.0,16604.06,4.4152,2395.8,4319.19,19069.88,1245.96,2451.07,22766.92,9766.92,75.13,314,212,48,54,41,5850.03,13,8,5,61.5,1451.07
mf45_ef25_mp2.00_ep15.0_cfd35,45,25,2.0,15.0,35,13000.0,16580.66,4.4093,2375.32,4319.19,19044.5,1380.39,2334.16,22759.05,9759.05,75.07,314,198,62,54,41,5961.05,7,6,1,85.7,1334.16
mf45_ef25_mp1.25_ep17.5_cfd35,45,25,1.25,17.5,35,13000.0,16748.36,4.4574,2389.4,4319.19,19252.25,1169.93,2334.16,22756.34,9756.34,75.05,314,198,62,54,41,5918.28,7,6,1,85.7,1334.16
mf45_ef25_mp1.25_ep20.0_cfd40,45,25,1.25,20.0,40,13000.0,17167.31,4.5802,2387.22,4319.19,19782.88,878.71,2081.98,22743.57,9743.57,74.95,314,198,62,54,41,6046.01,5,5,0,100.0,1081.98
mf45_ef25_mp2.00_ep17.5_cfd40,45,25,2.0,17.5,40,13000.0,17042.74,4.5404,2376.66,4319.19,19610.99,1045.69,2081.98,22738.67,9738.67,74.91,314,198,62,54,41,6088.43,5,5,0,100.0,1081.98
mf35_ef25_mp0.75_ep20.0_cfd35,35,25,0.75,20.0,35,13000.0,16814.07,4.49,2405.4,4319.19,19393.31,1000.81,2334.16,22728.28,9728.28,74.83,314,226,34,54,41,5814.89,7,6,1,85.7,1334.16
mf35_ef25_mp1.50_ep17.5_cfd30,35,25,1.5,17.5,30,13000.0,16481.35,4.4011,2401.53,4319.19,19009.07,1260.3,2451.07,22720.44,9720.44,74.77,314,226,34,54,41,5741.64,13,8,5,61.5,1451.07
mf45_ef25_mp1.50_ep15.0_cfd30,45,25,1.5,15.0,30,13000.0,16355.89,4.346,2383.11,4319.19,18771.34,1488.15,2451.07,22710.57,9710.57,74.7,314,198,62,54,41,5844.04,13,8,5,61.5,1451.07
mf40_ef25_mp1.50_ep17.5_cfd35,40,25,1.5,17.5,35,13000.0,16679.88,4.4362,2392.57,4319.19,19160.9,1215.56,2334.16,22710.62,9710.62,74.7,314,212,48,54,41,5895.44,7,6,1,85.7,1334.16
mf45_ef25_mp0.75_ep17.5_cfd30,45,25,0.75,17.5,30,13000.0,16539.12,4.3983,2398.46,4319.19,18997.22,1260.67,2451.07,22708.97,9708.97,74.68,314,198,62,54,41,5799.79,13,8,5,61.5,1451.07
mf40_ef25_mp1.00_ep17.5_cfd30,40,25,1.0,17.5,30,13000.0,16526.9,4.3937,2399.1,4319.19,18977.19,1277.13,2451.07,22705.4,9705.4,74.66,314,212,48,54,41,5804.03,13,8,5,61.5,1451.07
mf40_ef25_mp1.50_ep20.0_cfd40,40,25,1.5,20.0,40,13000.0,17110.3,4.5626,2390.63,4319.19,19706.61,913.12,2081.98,22701.71,9701.71,74.63,314,212,48,54,41,6023.42,5,5,0,100.0,1081.98
mf40_ef25_mp2.00_ep15.0_cfd30,40,25,2.0,15.0,30,13000.0,16326.6,4.335,2383.97,4319.19,18723.73,1527.3,2451.07,22702.11,9702.11,74.63,314,212,48,54,41,5853.91,13,8,5,61.5,1451.07
mf35_ef25_mp2.00_ep17.5_cfd35,35,25,2.0,17.5,35,13000.0,16568.62,4.4318,2397.91,4319.19,19141.64,1213.93,2334.16,22689.73,9689.73,74.54,314,226,34,54,41,5782.55,7,6,1,85.7,1334.16
mf35_ef25_mp2.00_ep20.0_cfd40,35,25,2.0,20.0,40,13000.0,17001.97,4.558,2395.72,4319.19,19686.76,911.84,2081.98,22680.59,9680.59,74.47,314,226,34,54,41,5913.82,5,5,0,100.0,1081.98
mf35_ef25_mp1.25_ep17.5_cfd30,35,25,1.25,17.5,30,13000.0,16436.77,4.3854,2403.38,4319.19,18941.42,1284.12,2451.07,22676.61,9676.61,74.44,314,226,34,54,41,5720.89,13,8,5,61.5,1451.07
mf45_ef25_mp1.00_ep17.5_cfd35,45,25,1.0,17.5,35,13000.0,16645.09,4.4282,2393.87,4319.19,19126.39,1214.47,2334.16,22675.02,9675.02,74.42,314,198,62,54,41,5859.56,7,6,1,85.7,1334.16
mf45_ef25_mp1.00_ep20.0_cfd40,45,25,1.0,20.0,40,13000.0,17077.45,4.5549,2391.82,4319.19,19673.49,912.03,2081.98,22667.5,9667.5,74.37,314,198,62,54,41,5989.48,5,5,0,100.0,1081.98
mf40_ef25_mp1.25_ep17.5_cfd35,40,25,1.25,17.5,35,13000.0,16604.06,4.4152,2395.8,4319.19,19069.88,1245.96,2334.16,22650.01,9650.01,74.23,314,212,48,54,41,5850.03,7,6,1,85.7,1334.16
mf40_ef25_mp1.25_ep20.0_cfd40,40,25,1.25,20.0,40,13000.0,17043.97,4.5442,2393.94,4319.19,19627.07,935.82,2081.98,22644.87,9644.87,74.19,314,212,48,54,41,5979.79,5,5,0,100.0,1081.98
mf40_ef25_mp0.75_ep17.5_cfd30,40,25,0.75,17.5,30,13000.0,16448.35,4.3718,2402.47,4319.19,18882.78,1309.09,2451.07,22642.95,9642.95,74.18,314,212,48,54,41,5757.45,13,8,5,61.5,1451.07
mf45_ef25_mp2.00_ep12.5_cfd30,45,25,2.0,12.5,30,13000.0,16015.98,4.2544,2368.67,4319.19,18375.45,1808.71,2451.07,22635.23,9635.23,74.12,314,198,62,54,41,5824.69,13,8,5,61.5,1451.07
mf35_ef25_mp1.00_ep17.5_cfd30,35,25,1.0,17.5,30,13000.0,16391.56,4.3695,2405.25,4319.19,18872.83,1308.37,2451.07,22632.28,9632.28,74.09,314,226,34,54,41,5699.94,13,8,5,61.5,1451.07
mf45_ef25_mp1.25_ep15.0_cfd30,45,25,1.25,15.0,30,13000.0,16238.88,4.3131,2387.15,4319.19,18629.15,1545.09,2451.07,22625.32,9625.32,74.04,314,198,62,54,41,5783.97,13,8,5,61.5,1451.07
mf35_ef25_mp1.50_ep17.5_cfd35,35,25,1.5,17.5,35,13000.0,16481.35,4.4011,2401.53,4319.19,19009.07,1260.3,2334.16,22603.53,9603.53,73.87,314,226,34,54,41,5741.64,7,6,1,85.7,1334.16
mf35_ef25_mp1.50_ep20.0_cfd40,35,25,1.5,20.0,40,13000.0,16928.34,4.5313,2399.52,4319.19,19571.68,946.48,2081.98,22600.14,9600.14,73.85,314,226,34,54,41,5874.81,5,5,0,100.0,1081.98
mf45_ef25_mp1.50_ep15.0_cfd35,45,25,1.5,15.0,35,13000.0,16355.89,4.346,2383.11,4319.19,18771.34,1488.15,2334.16,22593.66,9593.66,73.8,314,198,62,54,41,5844.04,7,6,1,85.7,1334.16
mf45_ef25_mp0.75_ep17.5_cfd35,45,25,0.75,17.5,35,13000.0,16539.12,4.3983,2398.46,4319.19,18997.22,1260.67,2334.16,22592.05,9592.05,73.79,314,198,62,54,41,5799.79,7,6,1,85.7,1334.16
mf45_ef25_mp0.75_ep20.0_cfd40,45,25,0.75,20.0,40,13000.0,16985.36,4.5289,2396.54,4319.19,19561.36,946.59,2081.98,22589.93,9589.93,73.77,314,198,62,54,41,5931.95,5,5,0,100.0,1081.98
mf40_ef25_mp1.00_ep17.5_cfd35,40,25,1.0,17.5,35,13000.0,16526.9,4.3937,2399.1,4319.19,18977.19,1277.13,2334.16,22588.48,9588.48,73.76,314,212,48,54,41,5804.03,7,6,1,85.7,1334.16
mf40_ef25_mp1.00_ep20.0_cfd40,40,25,1.0,20.0,40,13000.0,16976.53,4.5254,2397.31,4319.19,19546.14,959.09,2081.98,22587.21,9587.21,73.75,314,212,48,54,41,5935.61,5,5,0,100.0,1081.98
mf35_ef25_mp0.75_ep17.5_cfd30,35,25,0.75,17.5,30,13000.0,16345.7,4.3534,2407.14,4319.19,18803.29,1333.07,2451.07,22587.44,9587.44,73.75,314,226,34,54,41,5678.78,13,8,5,61.5,1451.07
mf40_ef25_mp2.00_ep15.0_cfd35,40,25,2.0,15.0,35,13000.0,16326.6,4.335,2383.97,4319.19,18723.73,1527.3,2334.16,22585.19,9585.19,73.73,314,212,48,54,41,5853.91,7,6,1,85.7,1334.16
mf45_ef25_mp1.50_ep17.5_cfd40,45,25,1.5,17.5,40,13000.0,16849.01,4.4858,2385.05,4319.19,19374.91,1126.99,2081.98,22583.88,9583.88,73.72,314,198,62,54,41,5975.99,5,5,0,100.0,1081.98
mf40_ef25_mp2.00_ep17.5_cfd40,40,25,2.0,17.5,40,13000.0,16827.56,4.4772,2386.28,4319.19,19338.03,1156.98,2081.98,22576.99,9576.99,73.67,314,212,48,54,41,5984.54,5,5,0,100.0,1081.98
mf40_ef25_mp1.50_ep15.0_cfd30,40,25,1.5,15.0,30,13000.0,16155.82,4.2877,2389.84,4319.19,18519.4,1605.12,2451.07,22575.59,9575.59,73.66,314,212,48,54,41,5760.93,13,8,5,61.5,1451.07
mf35_ef25_mp1.25_ep17.5_cfd35,35,25,1.25,17.5,35,13000.0,16436.77,4.3854,2403.38,4319.19,18941.42,1284.12,2334.16,22559.69,9559.69,73.54,314,226,34,54,41,5720.89,7,6,1,85.7,1334.16
mf35_ef25_mp1.25_ep20.0_cfd40,35,25,1.25,20.0,40,13000.0,16890.76,4.5177,2401.45,4319.19,19513.0,964.26,2081.98,22559.25,9559.25,73.53,314,226,34,54,41,5855.03,5,5,0,100.0,1081.98
mf35_ef25_mp2.00_ep15.0_cfd30,35,25,2.0,15.0,30,13000.0,16041.71,4.2834,2395.42,4319.19,18500.86,1603.04,2451.07,22554.97,9554.97,73.5,314,226,34,54,41,5644.75,13,8,5,61.5,1451.07
mf45_ef25_mp1.00_ep15.0_cfd30,45,25,1.0,15.0,30,13000.0,16118.64,4.2793,2391.28,4319.19,18483.06,1604.16,2451.07,22538.3,9538.3,73.37,314,198,62,54,41,5722.81,13,8,5,61.5,1451.07
mf40_ef25_mp0.75_ep20.0_cfd40,40,25,0.75,20.0,40,13000.0,16907.93,4.5063,2400.76,4319.19,19463.77,982.94,2081.98,22528.69,9528.69,73.3,314,212,48,54,41,5890.87,5,5,0,100.0,1081.98
mf40_ef25_mp0.75_ep17.5_cfd35,40,25,0.75,17.5,35,13000.0,16448.35,4.3718,2402.47,4319.19,18882.78,1309.09,2334.16,22526.03,9526.03,73.28,314,212,48,54,41,5757.45,7,6,1,85.7,1334.16
mf45_ef25_mp2.00_ep12.5_cfd35,45,25,2.0,12.5,35,13000.0,16015.98,4.2544,2368.67,4319.19,18375.45,1808.71,2334.16,22518.31,9518.31,73.22,314,198,62,54,41,5824.69,7,6,1,85.7,1334.16
mf35_ef25_mp1.00_ep20.0_cfd40,35,25,1.0,20.0,40,13000.0,16852.68,4.504,2403.41,4319.19,19453.55,982.37,2081.98,22517.91,9517.91,73.21,314,226,34,54,41,5835.05,5,5,0,100.0,1081.98
mf35_ef25_mp1.00_ep17.5_cfd35,35,25,1.0,17.5,35,13000.0,16391.56,4.3695,2405.25,4319.19,18872.83,1308.37,2334.16,22515.36,9515.36,73.2,314,226,34,54,41,5699.94,7,6,1,85.7,1334.16
mf40_ef25_mp1.25_ep15.0_cfd30,40,25,1.25,15.0,30,13000.0,16068.02,4.2634,2392.86,4319.19,18414.27,1645.51,2451.07,22510.85,9510.85,73.16,314,212,48,54,41,5713.53,13,8,5,61.5,1451.07
mf45_ef25_mp1.25_ep15.0_cfd35,45,25,1.25,15.0,35,13000.0,16238.88,4.3131,2387.15,4319.19,18629.15,1545.09,2334.16,22508.4,9508.4,73.14,314,198,62,54,41,5783.97,7,6,1,85.7,1334.16
mf45_ef25_mp2.00_ep15.0_cfd40,45,25,2.0,15.0,40,13000.0,16580.66,4.4093,2375.32,4319.19,19044.5,1380.39,2081.98,22506.87,9506.87,73.13,314,198,62,54,41,5961.05,5,5,0,100.0,1081.98
mf45_ef25_mp1.25_ep17.5_cfd40,45,25,1.25,17.5,40,13000.0,16748.36,4.4574,2389.4,4319.19,19252.25,1169.93,2081.98,22504.16,9504.16,73.11,314,198,62,54,41,5918.28,5,5,0,100.0,1081.98
mf35_ef25_mp0.75_ep20.0_cfd40,35,25,0.75,20.0,40,13000.0,16814.07,4.49,2405.4,4319.19,19393.31,1000.81,2081.98,22476.1,9476.1,72.89,314,226,34,54,41,5814.89,5,5,0,100.0,1081.98
mf35_ef25_mp0.75_ep17.5_cfd35,35,25,0.75,17.5,35,13000.0,16345.7,4.3534,2407.14,4319.19,18803.29,1333.07,2334.16,22470.52,9470.52,72.85,314,226,34,54,41,5678.78,7,6,1,85.7,1334.16
mf35_ef25_mp1.50_ep15.0_cfd30,35,25,1.5,15.0,30,13000.0,15937.0,4.2477,2398.66,4319.19,18346.77,1664.64,2451.07,22462.49,9462.49,72.79,314,226,34,54,41,5601.64,13,8,5,61.5,1451.07
mf40_ef25_mp1.50_ep17.5_cfd40,40,25,1.5,17.5,40,13000.0,16679.88,4.4362,2392.57,4319.19,19160.9,1215.56,2081.98,22458.44,9458.44,72.76,314,212,48,54,41,5895.44,5,5,0,100.0,1081.98
mf40_ef25_mp1.50_ep15.0_cfd35,40,25,1.5,15.0,35,13000.0,16155.82,4.2877,2389.84,4319.19,18519.4,1605.12,2334.16,22458.67,9458.67,72.76,314,212,48,54,41,5760.93,7,6,1,85.7,1334.16
mf45_ef25_mp1.50_ep12.5_cfd30,45,25,1.5,12.5,30,13000.0,15751.68,4.1805,2375.35,4319.19,18056.29,1950.57,2451.07,22457.93,9457.93,72.75,314,198,62,54,41,5702.24,13,8,5,61.5,1451.07
mf45_ef25_mp0.75_ep15.0_cfd30,45,25,0.75,15.0,30,13000.0,15995.09,4.2445,2395.51,4319.19,18332.94,1665.46,2451.07,22449.47,9449.47,72.69,314,198,62,54,41,5660.55,13,8,5,61.5,1451.07
mf40_ef25_mp2.00_ep12.5_cfd30,40,25,2.0,12.5,30,13000.0,15712.7,4.1665,2375.6,4319.19,17995.98,2001.24,2451.07,22448.29,9448.29,72.68,314,212,48,54,41,5713.93,13,8,5,61.5,1451.07
mf40_ef25_mp1.00_ep15.0_cfd30,40,25,1.0,15.0,30,13000.0,15978.56,4.2385,2395.93,4319.19,18307.1,1686.94,2451.07,22445.11,9445.11,72.65,314,212,48,54,41,5665.51,13,8,5,61.5,1451.07
mf35_ef25_mp2.00_ep15.0_cfd35,35,25,2.0,15.0,35,13000.0,16041.71,4.2834,2395.42,4319.19,18500.86,1603.04,2334.16,22438.06,9438.06,72.6,314,226,34,54,41,5644.75,7,6,1,85.7,1334.16
mf35_ef25_mp2.00_ep17.5_cfd40,35,25,2.0,17.5,40,13000.0,16568.62,4.4318,2397.91,4319.19,19141.64,1213.93,2081.98,22437.55,9437.55,72.6,314,226,34,54,41,5782.55,5,5,0,100.0,1081.98
mf45_ef25_mp1.00_ep17.5_cfd40,45,25,1.0,17.5,40,13000.0,16645.09,4.4282,2393.87,4319.19,19126.39,1214.47,2081.98,22422.84,9422.84,72.48,314,198,62,54,41,5859.56,5,5,0,100.0,1081.98
mf45_ef25_mp1.00_ep15.0_cfd35,45,25,1.0,15.0,35,13000.0,16118.64,4.2793,2391.28,4319.19,18483.06,1604.16,2334.16,22421.38,9421.38,72.47,314,198,62,54,41,5722.81,7,6,1,85.7,1334.16
mf35_ef25_mp1.25_ep15.0_cfd30,35,25,1.25,15.0,30,13000.0,15883.46,4.2295,2400.31,4319.19,18268.06,1696.29,2451.07,22415.43,9415.43,72.43,314,226,34,54,41,5579.75,13,8,5,61.5,1451.07
mf40_ef25_mp1.25_ep17.5_cfd40,40,25,1.25,17.5,40,13000.0,16604.06,4.4152,2395.8,4319.19,19069.88,1245.96,2081.98,22397.83,9397.83,72.29,314,212,48,54,41,5850.03,5,5,0,100.0,1081.98
mf40_ef25_mp1.25_ep15.0_cfd35,40,25,1.25,15.0,35,13000.0,16068.02,4.2634,2392.86,4319.19,18414.27,1645.51,2334.16,22393.94,9393.94,72.26,314,212,48,54,41,5713.53,7,6,1,85.7,1334.16
mf45_ef25_mp2.00_ep10.0_cfd30,45,25,2.0,10.0,30,13000.0,15317.27,4.0687,2355.01,4319.19,17573.33,2354.45,2451.07,22378.85,9378.85,72.15,314,198,62,54,41,5671.71,13,8,5,61.5,1451.07
mf40_ef25_mp0.75_ep15.0_cfd30,40,25,0.75,15.0,30,13000.0,15887.42,4.2133,2399.07,4319.19,18197.85,1729.43,2451.07,22378.35,9378.35,72.14,314,212,48,54,41,5616.85,13,8,5,61.5,1451.07
mf35_ef25_mp1.00_ep15.0_cfd30,35,25,1.0,15.0,30,13000.0,15829.12,4.211,2401.98,4319.19,18188.21,1728.53,2451.07,22367.81,9367.81,72.06,314,226,34,54,41,5557.65,13,8,5,61.5,1451.07
mf45_ef25_mp1.25_ep12.5_cfd30,45,25,1.25,12.5,30,13000.0,15613.77,4.1419,2378.79,4319.19,17889.81,2025.55,2451.07,22366.44,9366.44,72.05,314,198,62,54,41,5639.32,13,8,5,61.5,1451.07
mf35_ef25_mp1.50_ep17.5_cfd40,35,25,1.5,17.5,40,13000.0,16481.35,4.4011,2401.53,4319.19,19009.07,1260.3,2081.98,22351.35,9351.35,71.93,314,226,34,54,41,5741.64,5,5,0,100.0,1081.98
mf35_ef25_mp1.50_ep15.0_cfd35,35,25,1.5,15.0,35,13000.0,15937.0,4.2477,2398.66,4319.19,18346.77,1664.64,2334.16,22345.57,9345.57,71.89,314,226,34,54,41,5601.64,7,6,1,85.7,1334.16
mf45_ef25_mp1.50_ep15.0_cfd40,45,25,1.5,15.0,40,13000.0,16355.89,4.346,2383.11,4319.19,18771.34,1488.15,2081.98,22341.48,9341.48,71.86,314,198,62,54,41,5844.04,5,5,0,100.0,1081.98
mf45_ef25_mp0.75_ep17.5_cfd40,45,25,0.75,17.5,40,13000.0,16539.12,4.3983,2398.46,4319.19,18997.22,1260.67,2081.98,22339.88,9339.88,71.85,314,198,62,54,41,5799.79,5,5,0,100.0,1081.98
mf45_ef25_mp1.50_ep12.5_cfd35,45,25,1.5,12.5,35,13000.0,15751.68,4.1805,2375.35,4319.19,18056.29,1950.57,2334.16,22341.02,9341.02,71.85,314,198,62,54,41,5702.24,7,6,1,85.7,1334.16
mf40_ef25_mp1.00_ep17.5_cfd40,40,25,1.0,17.5,40,13000.0,16526.9,4.3937,2399.1,4319.19,18977.19,1277.13,2081.98,22336.31,9336.31,71.82,314,212,48,54,41,5804.03,5,5,0,100.0,1081.98
mf45_ef25_mp0.75_ep15.0_cfd35,45,25,0.75,15.0,35,13000.0,15995.09,4.2445,2395.51,4319.19,18332.94,1665.46,2334.16,22332.56,9332.56,71.79,314,198,62,54,41,5660.55,7,6,1,85.7,1334.16
mf40_ef25_mp2.00_ep15.0_cfd40,40,25,2.0,15.0,40,13000.0,16326.6,4.335,2383.97,4319.19,18723.73,1527.3,2081.98,22333.01,9333.01,71.79,314,212,48,54,41,5853.91,5,5,0,100.0,1081.98
mf40_ef25_mp2.00_ep12.5_cfd35,40,25,2.0,12.5,35,13000.0,15712.7,4.1665,2375.6,4319.19,17995.98,2001.24,2334.16,22331.38,9331.38,71.78,314,212,48,54,41,5713.93,7,6,1,85.7,1334.16
mf40_ef25_mp1.00_ep15.0_cfd35,40,25,1.0,15.0,35,13000.0,15978.56,4.2385,2395.93,4319.19,18307.1,1686.94,2334.16,22328.2,9328.2,71.76,314,212,48,54,41,5665.51,7,6,1,85.7,1334.16
mf35_ef25_mp0.75_ep15.0_cfd30,35,25,0.75,15.0,30,13000.0,15773.96,4.1923,2403.67,4319.19,18107.21,1761.36,2451.07,22319.64,9319.64,71.69,314,226,34,54,41,5535.32,13,8,5,61.5,1451.07
mf40_ef25_mp1.50_ep12.5_cfd30,40,25,1.5,12.5,30,13000.0,15512.38,4.1113,2380.68,4319.19,17757.69,2103.91,2451.07,22312.67,9312.67,71.64,314,212,48,54,41,5616.29,13,8,5,61.5,1451.07
mf35_ef25_mp1.25_ep17.5_cfd40,35,25,1.25,17.5,40,13000.0,16436.77,4.3854,2403.38,4319.19,18941.42,1284.12,2081.98,22307.52,9307.52,71.6,314,226,34,54,41,5720.89,5,5,0,100.0,1081.98
mf35_ef25_mp1.25_ep15.0_cfd35,35,25,1.25,15.0,35,13000.0,15883.46,4.2295,2400.31,4319.19,18268.06,1696.29,2334.16,22298.51,9298.51,71.53,314,226,34,54,41,5579.75,7,6,1,85.7,1334.16
mf35_ef25_mp2.00_ep12.5_cfd30,35,25,2.0,12.5,30,13000.0,15395.6,4.1073,2386.47,4319.19,17740.14,2101.28,2451.07,22292.49,9292.49,71.48,314,226,34,54,41,5496.87,13,8,5,61.5,1451.07
mf40_ef25_mp0.75_ep17.5_cfd40,40,25,0.75,17.5,40,13000.0,16448.35,4.3718,2402.47,4319.19,18882.78,1309.09,2081.98,22273.86,9273.86,71.34,314,212,48,54,41,5757.45,5,5,0,100.0,1081.98
mf45_ef25_mp1.00_ep12.5_cfd30,45,25,1.0,12.5,30,13000.0,15471.87,4.1023,2382.29,4319.19,17718.52,2103.37,2451.07,22272.97,9272.97,71.33,314,198,62,54,41,5575.24,13,8,5,61.5,1451.07
mf45_ef25_mp2.00_ep12.5_cfd40,45,25,2.0,12.5,40,13000.0,16015.98,4.2544,2368.67,4319.19,18375.45,1808.71,2081.98,22266.13,9266.13,71.28,314,198,62,54,41,5824.69,5,5,0,100.0,1081.98
mf35_ef25_mp1.00_ep17.5_cfd40,35,25,1.0,17.5,40,13000.0,16391.56,4.3695,2405.25,4319.19,18872.83,1308.37,2081.98,22263.18,9263.18,71.26,314,226,34,54,41,5699.94,5,5,0,100.0,1081.98
mf45_ef25_mp2.00_ep10.0_cfd35,45,25,2.0,10.0,35,13000.0,15317.27,4.0687,2355.01,4319.19,17573.33,2354.45,2334.16,22261.94,9261.94,71.25,314,198,62,54,41,5671.71,7,6,1,85.7,1334.16
mf40_ef25_mp0.75_ep15.0_cfd35,40,25,0.75,15.0,35,13000.0,15887.42,4.2133,2399.07,4319.19,18197.85,1729.43,2334.16,22261.43,9261.43,71.24,314,212,48,54,41,5616.85,7,6,1,85.7,1334.16
mf45_ef25_mp1.25_ep15.0_cfd40,45,25,1.25,15.0,40,13000.0,16238.88,4.3131,2387.15,4319.19,18629.15,1545.09,2081.98,22256.22,9256.22,71.2,314,198,62,54,41,5783.97,5,5,0,100.0,1081.98
mf35_ef25_mp1.00_ep15.0_cfd35,35,25,1.0,15.0,35,13000.0,15829.12,4.211,2401.98,4319.19,18188.21,1728.53,2334.16,22250.9,9250.9,71.16,314,226,34,54,41,5557.65,7,6,1,85.7,1334.16
mf45_ef25_mp1.25_ep12.5_cfd35,45,25,1.25,12.5,35,13000.0,15613.77,4.1419,2378.79,4319.19,17889.81,2025.55,2334.16,22249.52,9249.52,71.15,314,198,62,54,41,5639.32,7,6,1,85.7,1334.16
mf40_ef25_mp1.25_ep12.5_cfd30,40,25,1.25,12.5,30,13000.0,15409.22,4.0829,2383.28,4319.19,17634.89,2157.23,2451.07,22243.2,9243.2,71.1,314,212,48,54,41,5566.46,13,8,5,61.5,1451.07
mf35_ef25_mp0.75_ep17.5_cfd40,35,25,0.75,17.5,40,13000.0,16345.7,4.3534,2407.14,4319.19,18803.29,1333.07,2081.98,22218.35,9218.35,70.91,314,226,34,54,41,5678.78,5,5,0,100.0,1081.98
mf40_ef25_mp1.50_ep15.0_cfd40,40,25,1.5,15.0,40,13000.0,16155.82,4.2877,2389.84,4319.19,18519.4,1605.12,2081.98,22206.49,9206.49,70.82,314,212,48,54,41,5760.93,5,5,0,100.0,1081.98
mf35_ef25_mp0.75_ep15.0_cfd35,35,25,0.75,15.0,35,13000.0,15773.96,4.1923,2403.67,4319.19,18107.21,1761.36,2334.16,22202.72,9202.72,70.79,314,226,34,54,41,5535.32,7,6,1,85.7,1334.16
mf40_ef25_mp1.50_ep12.5_cfd35,40,25,1.5,12.5,35,13000.0,15512.38,4.1113,2380.68,4319.19,17757.69,2103.91,2334.16,22195.75,9195.75,70.74,314,212,48,54,41,5616.29,7,6,1,85.7,1334.16
mf35_ef25_mp1.50_ep12.5_cfd30,35,25,1.5,12.5,30,13000.0,15268.3,4.0654,2389.03,4319.19,17559.1,2182.57,2451.07,22192.75,9192.75,70.71,314,226,34,54,41,5450.88,13,8,5,61.5,1451.07
mf45_ef25_mp1.50_ep10.0_cfd30,45,25,1.5,10.0,30,13000.0,15001.54,3.9812,2359.9,4319.19,17195.59,2540.25,2451.07,22186.91,9186.91,70.67,314,198,62,54,41,5541.78,13,8,5,61.5,1451.07
mf35_ef25_mp2.00_ep15.0_cfd40,35,25,2.0,15.0,40,13000.0,16041.71,4.2834,2395.42,4319.19,18500.86,1603.04,2081.98,22185.88,9185.88,70.66,314,226,34,54,41,5644.75,5,5,0,100.0,1081.98
mf45_ef25_mp0.75_ep12.5_cfd30,45,25,0.75,12.5,30,13000.0,15325.82,4.0615,2385.85,4319.19,17542.26,2184.14,2451.07,22177.47,9177.47,70.6,314,198,62,54,41,5509.96,13,8,5,61.5,1451.07
mf40_ef25_mp2.00_ep10.0_cfd30,40,25,2.0,10.0,30,13000.0,14951.37,3.964,2359.15,4319.19,17121.11,2605.22,2451.07,22177.41,9177.41,70.6,314,212,48,54,41,5556.59,13,8,5,61.5,1451.07
mf35_ef25_mp2.00_ep12.5_cfd35,35,25,2.0,12.5,35,13000.0,15395.6,4.1073,2386.47,4319.19,17740.14,2101.28,2334.16,22175.57,9175.57,70.58,314,226,34,54,41,5496.87,7,6,1,85.7,1334.16
mf40_ef25_mp1.00_ep12.5_cfd30,40,25,1.0,12.5,30,13000.0,15304.0,4.0539,2385.93,4319.19,17509.58,2211.94,2451.07,22172.59,9172.59,70.56,314,212,48,54,41,5515.94,13,8,5,61.5,1451.07
mf45_ef25_mp1.00_ep15.0_cfd40,45,25,1.0,15.0,40,13000.0,16118.64,4.2793,2391.28,4319.19,18483.06,1604.16,2081.98,22169.21,9169.21,70.53,314,198,62,54,41,5722.81,5,5,0,100.0,1081.98
mf45_ef25_mp1.00_ep12.5_cfd35,45,25,1.0,12.5,35,13000.0,15471.87,4.1023,2382.29,4319.19,17718.52,2103.37,2334.16,22156.05,9156.05,70.43,314,198,62,54,41,5575.24,7,6,1,85.7,1334.16
mf35_ef25_mp1.25_ep12.5_cfd30,35,25,1.25,12.5,30,13000.0,15203.14,4.0439,2390.33,4319.19,17466.52,2224.36,2451.07,22141.96,9141.96,70.32,314,226,34,54,41,5427.5,13,8,5,61.5,1451.07
mf40_ef25_mp1.25_ep15.0_cfd40,40,25,1.25,15.0,40,13000.0,16068.02,4.2634,2392.86,4319.19,18414.27,1645.51,2081.98,22141.76,9141.76,70.32,314,212,48,54,41,5713.53,5,5,0,100.0,1081.98
mf40_ef25_mp1.25_ep12.5_cfd35,40,25,1.25,12.5,35,13000.0,15409.22,4.0829,2383.28,4319.19,17634.89,2157.23,2334.16,22126.28,9126.28,70.2,314,212,48,54,41,5566.46,7,6,1,85.7,1334.16
mf40_ef25_mp0.75_ep12.5_cfd30,40,25,0.75,12.5,30,13000.0,15196.66,4.0243,2388.62,4319.19,17381.69,2268.05,2451.07,22100.82,9100.82,70.01,314,212,48,54,41,5464.72,13,8,5,61.5,1451.07
mf35_ef25_mp1.50_ep15.0_cfd40,35,25,1.5,15.0,40,13000.0,15937.0,4.2477,2398.66,4319.19,18346.77,1664.64,2081.98,22093.39,9093.39,69.95,314,226,34,54,41,5601.64,5,5,0,100.0,1081.98
mf35_ef25_mp1.00_ep12.5_cfd30,35,25,1.0,12.5,30,13000.0,15136.94,4.0222,2391.64,4319.19,17372.52,2266.93,2451.07,22090.53,9090.53,69.93,314,226,34,54,41,5403.87,13,8,5,61.5,1451.07
mf45_ef25_mp1.50_ep12.5_cfd40,45,25,1.5,12.5,40,13000.0,15751.68,4.1805,2375.35,4319.19,18056.29,1950.57,2081.98,22088.84,9088.84,69.91,314,198,62,54,41,5702.24,5,5,0,100.0,1081.98
mf45_ef25_mp1.25_ep10.0_cfd30,45,25,1.25,10.0,30,13000.0,14836.37,3.9355,2362.35,4319.19,16998.05,2638.52,2451.07,22087.64,9087.64,69.9,314,198,62,54,41,5474.89,13,8,5,61.5,1451.07
mf45_ef25_mp0.75_ep15.0_cfd40,45,25,0.75,15.0,40,13000.0,15995.09,4.2445,2395.51,4319.19,18332.94,1665.46,2081.98,22080.38,9080.38,69.85,314,198,62,54,41,5660.55,5,5,0,100.0,1081.98
mf40_ef25_mp2.00_ep12.5_cfd40,40,25,2.0,12.5,40,13000.0,15712.7,4.1665,2375.6,4319.19,17995.98,2001.24,2081.98,22079.2,9079.2,69.84,314,212,48,54,41,5713.93,5,5,0,100.0,1081.98
mf40_ef25_mp1.00_ep15.0_cfd40,40,25,1.0,15.0,40,13000.0,15978.56,4.2385,2395.93,4319.19,18307.1,1686.94,2081.98,22076.02,9076.02,69.82,314,212,48,54,41,5665.51,5,5,0,100.0,1081.98
mf35_ef25_mp1.50_ep12.5_cfd35,35,25,1.5,12.5,35,13000.0,15268.3,4.0654,2389.03,4319.19,17559.1,2182.57,2334.16,22075.84,9075.84,69.81,314,226,34,54,41,5450.88,7,6,1,85.7,1334.16
mf45_ef25_mp1.50_ep10.0_cfd35,45,25,1.5,10.0,35,13000.0,15001.54,3.9812,2359.9,4319.19,17195.59,2540.25,2334.16,22070.0,9070.0,69.77,314,198,62,54,41,5541.78,7,6,1,85.7,1334.16
mf45_ef25_mp0.75_ep12.5_cfd35,45,25,0.75,12.5,35,13000.0,15325.82,4.0615,2385.85,4319.19,17542.26,2184.14,2334.16,22060.56,9060.56,69.7,314,198,62,54,41,5509.96,7,6,1,85.7,1334.16
mf40_ef25_mp2.00_ep10.0_cfd35,40,25,2.0,10.0,35,13000.0,14951.37,3.964,2359.15,4319.19,17121.11,2605.22,2334.16,22060.49,9060.49,69.7,314,212,48,54,41,5556.59,7,6,1,85.7,1334.16
mf40_ef25_mp1.00_ep12.5_cfd35,40,25,1.0,12.5,35,13000.0,15304.0,4.0539,2385.93,4319.19,17509.58,2211.94,2334.16,22055.67,9055.67,69.66,314,212,48,54,41,5515.94,7,6,1,85.7,1334.16
mf35_ef25_mp1.25_ep15.0_cfd40,35,25,1.25,15.0,40,13000.0,15883.46,4.2295,2400.31,4319.19,18268.06,1696.29,2081.98,22046.33,9046.33,69.59,314,226,34,54,41,5579.75,5,5,0,100.0,1081.98
mf35_ef25_mp0.75_ep12.5_cfd30,35,25,0.75,12.5,30,13000.0,15069.69,4.0001,2392.95,4319.19,17277.09,2310.29,2451.07,22038.45,9038.45,69.53,314,226,34,54,41,5379.99,13,8,5,61.5,1451.07
mf40_ef25_mp1.50_ep10.0_cfd30,40,25,1.5,10.0,30,13000.0,14712.24,3.8986,2362.93,4319.19,16838.98,2740.08,2451.07,22030.14,9030.14,69.46,314,212,48,54,41,5452.32,13,8,5,61.5,1451.07
mf35_ef25_mp1.25_ep12.5_cfd35,35,25,1.25,12.5,35,13000.0,15203.14,4.0439,2390.33,4319.19,17466.52,2224.36,2334.16,22025.04,9025.04,69.42,314,226,34,54,41,5427.5,7,6,1,85.7,1334.16
mf35_ef25_mp2.00_ep10.0_cfd30,35,25,2.0,10.0,30,13000.0,14593.26,3.895,2368.86,4319.19,16823.15,2736.72,2451.07,22010.95,9010.95,69.31,314,226,34,54,41,5329.99,13,8,5,61.5,1451.07
mf45_ef25_mp2.00_ep10.0_cfd40,45,25,2.0,10.0,40,13000.0,15317.27,4.0687,2355.01,4319.19,17573.33,2354.45,2081.98,22009.76,9009.76,69.31,314,198,62,54,41,5671.71,5,5,0,100.0,1081.98
mf40_ef25_mp0.75_ep15.0_cfd40,40,25,0.75,15.0,40,13000.0,15887.42,4.2133,2399.07,4319.19,18197.85,1729.43,2081.98,22009.25,9009.25,69.3,314,212,48,54,41,5616.85,5,5,0,100.0,1081.98
mf35_ef25_mp1.00_ep15.0_cfd40,35,25,1.0,15.0,40,13000.0,15829.12,4.211,2401.98,4319.19,18188.21,1728.53,2081.98,21998.72,8998.72,69.22,314,226,34,54,41,5557.65,5,5,0,100.0,1081.98
mf45_ef25_mp1.25_ep12.5_cfd40,45,25,1.25,12.5,40,13000.0,15613.77,4.1419,2378.79,4319.19,17889.81,2025.55,2081.98,21997.34,8997.34,69.21,314,198,62,54,41,5639.32,5,5,0,100.0,1081.98
mf45_ef25_mp1.00_ep10.0_cfd30,45,25,1.0,10.0,30,13000.0,14666.1,3.8883,2364.82,4319.19,16794.44,2740.56,2451.07,21986.07,8986.07,69.12,314,198,62,54,41,5406.66,13,8,5,61.5,1451.07
mf40_ef25_mp0.75_ep12.5_cfd35,40,25,0.75,12.5,35,13000.0,15196.66,4.0243,2388.62,4319.19,17381.69,2268.05,2334.16,21983.9,8983.9,69.11,314,212,48,54,41,5464.72,7,6,1,85.7,1334.16
mf35_ef25_mp1.00_ep12.5_cfd35,35,25,1.0,12.5,35,13000.0,15136.94,4.0222,2391.64,4319.19,17372.52,2266.93,2334.16,21973.61,8973.61,69.03,314,226,34,54,41,5403.87,7,6,1,85.7,1334.16
mf45_ef25_mp1.25_ep10.0_cfd35,45,25,1.25,10.0,35,13000.0,14836.37,3.9355,2362.35,4319.19,16998.05,2638.52,2334.16,21970.73,8970.73,69.01,314,198,62,54,41,5474.89,7,6,1,85.7,1334.16
mf40_ef25_mp1.25_ep10.0_cfd30,40,25,1.25,10.0,30,13000.0,14588.82,3.8649,2364.85,4319.19,16693.28,2810.18,2451.07,21954.53,8954.53,68.88,314,212,48,54,41,5399.0,13,8,5,61.5,1451.07
mf35_ef25_mp0.75_ep15.0_cfd40,35,25,0.75,15.0,40,13000.0,15773.96,4.1923,2403.67,4319.19,18107.21,1761.36,2081.98,21950.55,8950.55,68.85,314,226,34,54,41,5535.32,5,5,0,100.0,1081.98
mf40_ef25_mp1.50_ep12.5_cfd40,40,25,1.5,12.5,40,13000.0,15512.38,4.1113,2380.68,4319.19,17757.69,2103.91,2081.98,21943.58,8943.58,68.8,314,212,48,54,41,5616.29,5,5,0,100.0,1081.98
mf35_ef25_mp2.00_ep12.5_cfd40,35,25,2.0,12.5,40,13000.0,15395.6,4.1073,2386.47,4319.19,17740.14,2101.28,2081.98,21923.4,8923.4,68.64,314,226,34,54,41,5496.87,5,5,0,100.0,1081.98
mf35_ef25_mp0.75_ep12.5_cfd35,35,25,0.75,12.5,35,13000.0,15069.69,4.0001,2392.95,4319.19,17277.09,2310.29,2334.16,21921.54,8921.54,68.63,314,226,34,54,41,5379.99,7,6,1,85.7,1334.16
mf40_ef25_mp1.50_ep10.0_cfd35,40,25,1.5,10.0,35,13000.0,14712.24,3.8986,2362.93,4319.19,16838.98,2740.08,2334.16,21913.22,8913.22,68.56,314,212,48,54,41,5452.32,7,6,1,85.7,1334.16
mf45_ef25_mp1.00_ep12.5_cfd40,45,25,1.0,12.5,40,13000.0,15471.87,4.1023,2382.29,4319.19,17718.52,2103.37,2081.98,21903.88,8903.88,68.49,314,198,62,54,41,5575.24,5,5,0,100.0,1081.98
mf35_ef25_mp1.50_ep10.0_cfd30,35,25,1.5,10.0,30,13000.0,14435.85,3.845,2370.35,4319.19,16607.09,2843.58,2451.07,21901.75,8901.75,68.47,314,226,34,54,41,5279.44,13,8,5,61.5,1451.07
mf35_ef25_mp2.00_ep10.0_cfd35,35,25,2.0,10.0,35,13000.0,14593.26,3.895,2368.86,4319.19,16823.15,2736.72,2334.16,21894.03,8894.03,68.42,314,226,34,54,41,5329.99,7,6,1,85.7,1334.16
mf45_ef25_mp0.75_ep10.0_cfd30,45,25,0.75,10.0,30,13000.0,14490.54,3.8397,2367.3,4319.19,16584.54,2846.52,2451.07,21882.14,8882.14,68.32,314,198,62,54,41,5337.07,13,8,5,61.5,1451.07
mf40_ef25_mp1.00_ep10.0_cfd30,40,25,1.0,10.0,30,13000.0,14462.73,3.8304,2366.79,4319.19,16544.37,2882.13,2451.07,21877.57,8877.57,68.29,314,212,48,54,41,5344.86,13,8,5,61.5,1451.07
mf40_ef25_mp1.25_ep12.5_cfd40,40,25,1.25,12.5,40,13000.0,15409.22,4.0829,2383.28,4319.19,17634.89,2157.23,2081.98,21874.11,8874.11,68.26,314,212,48,54,41,5566.46,5,5,0,100.0,1081.98
mf45_ef25_mp1.00_ep10.0_cfd35,45,25,1.0,10.0,35,13000.0,14666.1,3.8883,2364.82,4319.19,16794.44,2740.56,2334.16,21869.16,8869.16,68.22,314,198,62,54,41,5406.66,7,6,1,85.7,1334.16
mf35_ef25_mp1.25_ep10.0_cfd30,35,25,1.25,10.0,30,13000.0,14355.13,3.8193,2371.09,4319.19,16496.4,2898.54,2451.07,21846.01,8846.01,68.05,314,226,34,54,41,5253.67,13,8,5,61.5,1451.07
mf40_ef25_mp1.25_ep10.0_cfd35,40,25,1.25,10.0,35,13000.0,14588.82,3.8649,2364.85,4319.19,16693.28,2810.18,2334.16,21837.62,8837.62,67.98,314,212,48,54,41,5399.0,7,6,1,85.7,1334.16
mf35_ef25_mp1.50_ep12.5_cfd40,35,25,1.5,12.5,40,13000.0,15268.3,4.0654,2389.03,4319.19,17559.1,2182.57,2081.98,21823.66,8823.66,67.87,314,226,34,54,41,5450.88,5,5,0,100.0,1081.98
mf45_ef25_mp1.50_ep10.0_cfd40,45,25,1.5,10.0,40,13000.0,15001.54,3.9812,2359.9,4319.19,17195.59,2540.25,2081.98,21817.82,8817.82,67.83,314,198,62,54,41,5541.78,5,5,0,100.0,1081.98
mf40_ef25_mp2.00_ep10.0_cfd40,40,25,2.0,10.0,40,13000.0,14951.37,3.964,2359.15,4319.19,17121.11,2605.22,2081.98,21808.31,8808.31,67.76,314,212,48,54,41,5556.59,5,5,0,100.0,1081.98
mf45_ef25_mp0.75_ep12.5_cfd40,45,25,0.75,12.5,40,13000.0,15325.82,4.0615,2385.85,4319.19,17542.26,2184.14,2081.98,21808.38,8808.38,67.76,314,198,62,54,41,5509.96,5,5,0,100.0,1081.98
mf40_ef25_mp1.00_ep12.5_cfd40,40,25,1.0,12.5,40,13000.0,15304.0,4.0539,2385.93,4319.19,17509.58,2211.94,2081.98,21803.5,8803.5,67.72,314,212,48,54,41,5515.94,5,5,0,100.0,1081.98
mf40_ef25_mp0.75_ep10.0_cfd30,40,25,0.75,10.0,30,13000.0,14333.9,3.7952,2368.75,4319.19,16392.16,2955.97,2451.07,21799.21,8799.21,67.69,314,212,48,54,41,5289.88,13,8,5,61.5,1451.07
mf35_ef25_mp1.00_ep10.0_cfd30,35,25,1.0,10.0,30,13000.0,14273.03,3.7933,2371.83,4319.19,16383.88,2954.55,2451.07,21789.5,8789.5,67.61,314,226,34,54,41,5227.58,13,8,5,61.5,1451.07
mf35_ef25_mp1.50_ep10.0_cfd35,35,25,1.5,10.0,35,13000.0,14435.85,3.845,2370.35,4319.19,16607.09,2843.58,2334.16,21784.83,8784.83,67.58,314,226,34,54,41,5279.44,7,6,1,85.7,1334.16
mf35_ef25_mp1.25_ep12.5_cfd40,35,25,1.25,12.5,40,13000.0,15203.14,4.0439,2390.33,4319.19,17466.52,2224.36,2081.98,21772.86,8772.86,67.48,314,226,34,54,41,5427.5,5,5,0,100.0,1081.98
mf45_ef25_mp0.75_ep10.0_cfd35,45,25,0.75,10.0,35,13000.0,14490.54,3.8397,2367.3,4319.19,16584.54,2846.52,2334.16,21765.22,8765.22,67.42,314,198,62,54,41,5337.07,7,6,1,85.7,1334.16
mf40_ef25_mp1.00_ep10.0_cfd35,40,25,1.0,10.0,35,13000.0,14462.73,3.8304,2366.79,4319.19,16544.37,2882.13,2334.16,21760.66,8760.66,67.39,314,212,48,54,41,5344.86,7,6,1,85.7,1334.16
mf40_ef25_mp0.75_ep12.5_cfd40,40,25,0.75,12.5,40,13000.0,15196.66,4.0243,2388.62,4319.19,17381.69,2268.05,2081.98,21731.73,8731.73,67.17,314,212,48,54,41,5464.72,5,5,0,100.0,1081.98
mf35_ef25_mp0.75_ep10.0_cfd30,35,25,0.75,10.0,30,13000.0,14189.51,3.7668,2372.57,4319.19,16269.5,3011.63,2451.07,21732.2,8732.2,67.17,314,226,34,54,41,5201.14,13,8,5,61.5,1451.07
mf35_ef25_mp1.25_ep10.0_cfd35,35,25,1.25,10.0,35,13000.0,14355.13,3.8193,2371.09,4319.19,16496.4,2898.54,2334.16,21729.1,8729.1,67.15,314,226,34,54,41,5253.67,7,6,1,85.7,1334.16
mf35_ef25_mp1.00_ep12.5_cfd40,35,25,1.0,12.5,40,13000.0,15136.94,4.0222,2391.64,4319.19,17372.52,2266.93,2081.98,21721.43,8721.43,67.09,314,226,34,54,41,5403.87,5,5,0,100.0,1081.98
mf45_ef25_mp1.25_ep10.0_cfd40,45,25,1.25,10.0,40,13000.0,14836.37,3.9355,2362.35,4319.19,16998.05,2638.52,2081.98,21718.55,8718.55,67.07,314,198,62,54,41,5474.89,5,5,0,100.0,1081.98
mf40_ef25_mp0.75_ep10.0_cfd35,40,25,0.75,10.0,35,13000.0,14333.9,3.7952,2368.75,4319.19,16392.16,2955.97,2334.16,21682.3,8682.3,66.79,314,212,48,54,41,5289.88,7,6,1,85.7,1334.16
mf35_ef25_mp1.00_ep10.0_cfd35,35,25,1.0,10.0,35,13000.0,14273.03,3.7933,2371.83,4319.19,16383.88,2954.55,2334.16,21672.58,8672.58,66.71,314,226,34,54,41,5227.58,7,6,1,85.7,1334.16
mf35_ef25_mp0.75_ep12.5_cfd40,35,25,0.75,12.5,40,13000.0,15069.69,4.0001,2392.95,4319.19,17277.09,2310.29,2081.98,21669.36,8669.36,66.69,314,226,34,54,41,5379.99,5,5,0,100.0,1081.98
mf40_ef25_mp1.50_ep10.0_cfd40,40,25,1.5,10.0,40,13000.0,14712.24,3.8986,2362.93,4319.19,16838.98,2740.08,2081.98,21661.05,8661.05,66.62,314,212,48,54,41,5452.32,5,5,0,100.0,1081.98
mf35_ef25_mp2.00_ep10.0_cfd40,35,25,2.0,10.0,40,13000.0,14593.26,3.895,2368.86,4319.19,16823.15,2736.72,2081.98,21641.86,8641.86,66.48,314,226,34,54,41,5329.99,5,5,0,100.0,1081.98
mf45_ef25_mp1.00_ep10.0_cfd40,45,25,1.0,10.0,40,13000.0,14666.1,3.8883,2364.82,4319.19,16794.44,2740.56,2081.98,21616.98,8616.98,66.28,314,198,62,54,41,5406.66,5,5,0,100.0,1081.98
mf35_ef25_mp0.75_ep10.0_cfd35,35,25,0.75,10.0,35,13000.0,14189.51,3.7668,2372.57,4319.19,16269.5,3011.63,2334.16,21615.28,8615.28,66.27,314,226,34,54,41,5201.14,7,6,1,85.7,1334.16
mf40_ef25_mp1.25_ep10.0_cfd40,40,25,1.25,10.0,40,13000.0,14588.82,3.8649,2364.85,4319.19,16693.28,2810.18,2081.98,21585.44,8585.44,66.04,314,212,48,54,41,5399.0,5,5,0,100.0,1081.98
mf45_ef20_mp2.00_ep20.0_cfd35,45,20,2.0,20.0,35,13000.0,15458.12,4.1357,2405.71,4319.19,17862.76,1878.25,1835.91,21576.92,8576.92,65.98,314,198,91,25,41,5336.37,4,4,0,100.0,835.91
mf35_ef25_mp1.50_ep10.0_cfd40,35,25,1.5,10.0,40,13000.0,14435.85,3.845,2370.35,4319.19,16607.09,2843.58,2081.98,21532.65,8532.65,65.64,314,226,34,54,41,5279.44,5,5,0,100.0,1081.98
mf45_ef25_mp0.75_ep10.0_cfd40,45,25,0.75,10.0,40,13000.0,14490.54,3.8397,2367.3,4319.19,16584.54,2846.52,2081.98,21513.05,8513.05,65.48,314,198,62,54,41,5337.07,5,5,0,100.0,1081.98
mf40_ef25_mp1.00_ep10.0_cfd40,40,25,1.0,10.0,40,13000.0,14462.73,3.8304,2366.79,4319.19,16544.37,2882.13,2081.98,21508.48,8508.48,65.45,314,212,48,54,41,5344.86,5,5,0,100.0,1081.98
mf35_ef25_mp1.25_ep10.0_cfd40,35,25,1.25,10.0,40,13000.0,14355.13,3.8193,2371.09,4319.19,16496.4,2898.54,2081.98,21476.92,8476.92,65.21,314,226,34,54,41,5253.67,5,5,0,100.0,1081.98
mf45_ef20_mp2.00_ep17.5_cfd35,45,20,2.0,17.5,35,13000.0,15111.17,4.0386,2393.8,4319.19,17443.51,2194.18,1835.91,21473.6,8473.6,65.18,314,198,91,25,41,5305.35,4,4,0,100.0,835.91
mf45_ef20_mp2.00_ep20.0_cfd30,45,20,2.0,20.0,30,13000.0,15458.12,4.1357,2405.71,4319.19,17862.76,1878.25,1721.79,21462.8,8462.8,65.1,314,198,91,25,41,5336.37,6,4,2,66.7,721.79
mf40_ef25_mp0.75_ep10.0_cfd40,40,25,0.75,10.0,40,13000.0,14333.9,3.7952,2368.75,4319.19,16392.16,2955.97,2081.98,21430.12,8430.12,64.85,314,212,48,54,41,5289.88,5,5,0,100.0,1081.98
mf45_ef20_mp2.00_ep20.0_cfd25,45,20,2.0,20.0,25,13000.0,15458.12,4.1357,2405.71,4319.19,17862.76,1878.25,1680.83,21421.84,8421.84,64.78,314,198,91,25,41,5336.37,16,7,8,43.8,680.83
mf35_ef25_mp1.00_ep10.0_cfd40,35,25,1.0,10.0,40,13000.0,14273.03,3.7933,2371.83,4319.19,16383.88,2954.55,2081.98,21420.41,8420.41,64.77,314,226,34,54,41,5227.58,5,5,0,100.0,1081.98
mf40_ef20_mp2.00_ep20.0_cfd35,40,20,2.0,20.0,35,13000.0,15135.24,4.0447,2414.46,4319.19,17469.66,2078.18,1835.91,21383.74,8383.74,64.49,314,212,77,25,41,5213.41,4,4,0,100.0,835.91
mf35_ef25_mp0.75_ep10.0_cfd40,35,25,0.75,10.0,40,13000.0,14189.51,3.7668,2372.57,4319.19,16269.5,3011.63,2081.98,21363.1,8363.1,64.33,314,226,34,54,41,5201.14,5,5,0,100.0,1081.98
mf45_ef20_mp2.00_ep15.0_cfd35,45,20,2.0,15.0,35,13000.0,14711.29,3.9293,2379.35,4319.19,16971.39,2552.8,1835.91,21360.1,8360.1,64.31,314,198,91,25,41,5264.1,4,4,0,100.0,835.91
mf45_ef20_mp2.00_ep17.5_cfd30,45,20,2.0,17.5,30,13000.0,15111.17,4.0386,2393.8,4319.19,17443.51,2194.18,1721.79,21359.48,8359.48,64.3,314,198,91,25,41,5305.35,6,4,2,66.7,721.79
mf45_ef20_mp1.50_ep20.0_cfd35,45,20,1.5,20.0,35,13000.0,15094.55,4.0372,2415.06,4319.19,17437.59,2073.54,1835.91,21347.04,8347.04,64.21,314,198,91,25,41,5168.09,4,4,0,100.0,835.91
mf45_ef20_mp2.00_ep17.5_cfd25,45,20,2.0,17.5,25,13000.0,15111.17,4.0386,2393.8,4319.19,17443.51,2194.18,1680.83,21318.52,8318.52,63.99,314,198,91,25,41,5305.35,16,7,8,43.8,680.83
mf40_ef20_mp2.00_ep17.5_cfd35,40,20,2.0,17.5,35,13000.0,14753.23,3.9378,2400.75,4319.19,17008.3,2427.84,1835.91,21272.05,8272.05,63.63,314,212,77,25,41,5181.07,4,4,0,100.0,835.91
mf40_ef20_mp2.00_ep20.0_cfd30,40,20,2.0,20.0,30,13000.0,15135.24,4.0447,2414.46,4319.19,17469.66,2078.18,1721.79,21269.63,8269.63,63.61,314,212,77,25,41,5213.41,6,4,2,66.7,721.79
mf45_ef20_mp2.00_ep15.0_cfd30,45,20,2.0,15.0,30,13000.0,14711.29,3.9293,2379.35,4319.19,16971.39,2552.8,1721.79,21245.98,8245.98,63.43,314,198,91,25,41,5264.1,6,4,2,66.7,721.79
mf45_ef20_mp1.50_ep20.0_cfd30,45,20,1.5,20.0,30,13000.0,15094.55,4.0372,2415.06,4319.19,17437.59,2073.54,1721.79,21232.92,8232.92,63.33,314,198,91,25,41,5168.09,6,4,2,66.7,721.79
mf45_ef20_mp1.50_ep17.5_cfd35,45,20,1.5,17.5,35,13000.0,14708.86,3.93,2401.6,4319.19,16974.21,2422.88,1835.91,21233.0,8233.0,63.33,314,198,91,25,41,5131.74,4,4,0,100.0,835.91
mf45_ef20_mp2.00_ep12.5_cfd35,45,20,2.0,12.5,35,13000.0,14247.94,3.8051,2362.22,4319.19,16434.88,2959.54,1835.91,21230.33,8230.33,63.31,314,198,91,25,41,5207.49,4,4,0,100.0,835.91
mf40_ef20_mp2.00_ep20.0_cfd25,40,20,2.0,20.0,25,13000.0,15135.24,4.0447,2414.46,4319.19,17469.66,2078.18,1680.83,21228.67,8228.67,63.3,314,212,77,25,41,5213.41,16,7,8,43.8,680.83
mf45_ef20_mp1.25_ep20.0_cfd35,45,20,1.25,20.0,35,13000.0,14902.13,3.9852,2419.9,4319.19,17212.68,2178.69,1835.91,21227.27,8227.27,63.29,314,198,91,25,41,5080.82,4,4,0,100.0,835.91
mf45_ef20_mp2.00_ep20.0_cfd40,45,20,2.0,20.0,40,13000.0,15458.12,4.1357,2405.71,4319.19,17862.76,1878.25,1474.51,21215.52,8215.52,63.2,314,198,91,25,41,5336.37,3,3,0,100.0,474.51
mf35_ef20_mp2.00_ep20.0_cfd35,35,20,2.0,20.0,35,13000.0,14781.79,3.979,2428.94,4319.19,17185.86,2185.23,1835.91,21206.99,8206.99,63.13,314,226,63,25,41,4967.01,4,4,0,100.0,835.91
mf45_ef20_mp2.00_ep15.0_cfd25,45,20,2.0,15.0,25,13000.0,14711.29,3.9293,2379.35,4319.19,16971.39,2552.8,1680.83,21205.02,8205.02,63.12,314,198,91,25,41,5264.1,16,7,8,43.8,680.83
mf40_ef20_mp1.50_ep20.0_cfd35,40,20,1.5,20.0,35,13000.0,14835.42,3.9644,2421.8,4319.19,17123.14,2236.56,1835.91,21195.6,8195.6,63.04,314,212,77,25,41,5071.98,4,4,0,100.0,835.91
mf45_ef20_mp1.50_ep20.0_cfd25,45,20,1.5,20.0,25,13000.0,15094.55,4.0372,2415.06,4319.19,17437.59,2073.54,1680.83,21191.96,8191.96,63.02,314,198,91,25,41,5168.09,16,7,8,43.8,680.83
mf40_ef20_mp2.00_ep17.5_cfd30,40,20,2.0,17.5,30,13000.0,14753.23,3.9378,2400.75,4319.19,17008.3,2427.84,1721.79,21157.93,8157.93,62.75,314,212,77,25,41,5181.07,6,4,2,66.7,721.79
mf40_ef20_mp2.00_ep15.0_cfd35,40,20,2.0,15.0,35,13000.0,14313.07,3.8175,2384.08,4319.19,16488.51,2824.87,1835.91,21149.28,8149.28,62.69,314,212,77,25,41,5137.93,4,4,0,100.0,835.91
mf45_ef20_mp1.50_ep17.5_cfd30,45,20,1.5,17.5,30,13000.0,14708.86,3.93,2401.6,4319.19,16974.21,2422.88,1721.79,21118.88,8118.88,62.45,314,198,91,25,41,5131.74,6,4,2,66.7,721.79
mf40_ef20_mp2.00_ep17.5_cfd25,40,20,2.0,17.5,25,13000.0,14753.23,3.9378,2400.75,4319.19,17008.3,2427.84,1680.83,21116.97,8116.97,62.44,314,212,77,25,41,5181.07,16,7,8,43.8,680.83
mf45_ef20_mp2.00_ep12.5_cfd30,45,20,2.0,12.5,30,13000.0,14247.94,3.8051,2362.22,4319.19,16434.88,2959.54,1721.79,21116.21,8116.21,62.43,314,198,91,25,41,5207.49,6,4,2,66.7,721.79
mf45_ef20_mp1.25_ep20.0_cfd30,45,20,1.25,20.0,30,13000.0,14902.13,3.9852,2419.9,4319.19,17212.68,2178.69,1721.79,21113.15,8113.15,62.41,314,198,91,25,41,5080.82,6,4,2,66.7,721.79
mf45_ef20_mp2.00_ep17.5_cfd40,45,20,2.0,17.5,40,13000.0,15111.17,4.0386,2393.8,4319.19,17443.51,2194.18,1474.51,21112.2,8112.2,62.4,314,198,91,25,41,5305.35,3,3,0,100.0,474.51
mf45_ef20_mp1.25_ep17.5_cfd35,45,20,1.25,17.5,35,13000.0,14495.23,3.8723,2405.6,4319.19,16725.14,2546.11,1835.91,21107.16,8107.16,62.36,314,198,91,25,41,5041.34,4,4,0,100.0,835.91
mf45_ef20_mp1.50_ep15.0_cfd35,45,20,1.5,15.0,35,13000.0,14262.44,3.8084,2385.37,4319.19,16449.37,2819.95,1835.91,21105.23,8105.23,62.35,314,198,91,25,41,5082.39,4,4,0,100.0,835.91
mf45_ef20_mp1.00_ep20.0_cfd35,45,20,1.0,20.0,35,13000.0,14702.14,3.9311,2424.85,4319.19,16978.97,2289.2,1835.91,21104.08,8104.08,62.34,314,198,91,25,41,4991.34,4,4,0,100.0,835.91
mf40_ef20_mp1.25_ep20.0_cfd35,40,20,1.25,20.0,35,13000.0,14678.69,3.9225,2425.59,4319.19,16941.95,2320.35,1835.91,21098.21,8098.21,62.29,314,212,77,25,41,4999.04,4,4,0,100.0,835.91
mf35_ef20_mp2.00_ep20.0_cfd30,35,20,2.0,20.0,30,13000.0,14781.79,3.979,2428.94,4319.19,17185.86,2185.23,1721.79,21092.88,8092.88,62.25,314,226,63,25,41,4967.01,6,4,2,66.7,721.79
mf35_ef20_mp2.00_ep17.5_cfd35,35,20,2.0,17.5,35,13000.0,14379.15,3.8669,2414.21,4319.19,16701.85,2553.19,1835.91,21090.95,8090.95,62.24,314,226,63,25,41,4932.34,4,4,0,100.0,835.91
mf40_ef20_mp1.50_ep20.0_cfd30,40,20,1.5,20.0,30,13000.0,14835.42,3.9644,2421.8,4319.19,17123.14,2236.56,1721.79,21081.49,8081.49,62.17,314,212,77,25,41,5071.98,6,4,2,66.7,721.79
mf45_ef20_mp1.50_ep17.5_cfd25,45,20,1.5,17.5,25,13000.0,14708.86,3.93,2401.6,4319.19,16974.21,2422.88,1680.83,21077.92,8077.92,62.14,314,198,91,25,41,5131.74,16,7,8,43.8,680.83
mf45_ef20_mp2.00_ep12.5_cfd25,45,20,2.0,12.5,25,13000.0,14247.94,3.8051,2362.22,4319.19,16434.88,2959.54,1680.83,21075.25,8075.25,62.12,314,198,91,25,41,5207.49,16,7,8,43.8,680.83
mf40_ef20_mp1.50_ep17.5_cfd35,40,20,1.5,17.5,35,13000.0,14420.94,3.8492,2406.82,4319.19,16625.35,2613.49,1835.91,21074.74,8074.74,62.11,314,212,77,25,41,5034.42,4,4,0,100.0,835.91
mf45_ef20_mp2.00_ep10.0_cfd35,45,20,2.0,10.0,35,13000.0,13706.45,3.6622,2342.33,4319.19,15817.55,3421.15,1835.91,21074.61,8074.61,62.11,314,198,91,25,41,5127.6,4,4,0,100.0,835.91
mf45_ef20_mp1.25_ep20.0_cfd25,45,20,1.25,20.0,25,13000.0,14902.13,3.9852,2419.9,4319.19,17212.68,2178.69,1680.83,21072.19,8072.19,62.09,314,198,91,25,41,5080.82,16,7,8,43.8,680.83
mf35_ef20_mp1.50_ep20.0_cfd35,35,20,1.5,20.0,35,13000.0,14559.75,3.9126,2433.07,4319.19,16899.3,2322.94,1835.91,21058.15,8058.15,61.99,314,226,63,25,41,4882.69,4,4,0,100.0,835.91
mf35_ef20_mp2.00_ep20.0_cfd25,35,20,2.0,20.0,25,13000.0,14781.79,3.979,2428.94,4319.19,17185.86,2185.23,1680.83,21051.91,8051.91,61.94,314,226,63,25,41,4967.01,16,7,8,43.8,680.83
mf40_ef20_mp1.50_ep20.0_cfd25,40,20,1.5,20.0,25,13000.0,14835.42,3.9644,2421.8,4319.19,17123.14,2236.56,1680.83,21040.52,8040.52,61.85,314,212,77,25,41,5071.98,16,7,8,43.8,680.83
mf40_ef20_mp2.00_ep15.0_cfd30,40,20,2.0,15.0,30,13000.0,14313.07,3.8175,2384.08,4319.19,16488.51,2824.87,1721.79,21035.17,8035.17,61.81,314,212,77,25,41,5137.93,6,4,2,66.7,721.79
mf40_ef20_mp2.00_ep20.0_cfd40,40,20,2.0,20.0,40,13000.0,15135.24,4.0447,2414.46,4319.19,17469.66,2078.18,1474.51,21022.35,8022.35,61.71,314,212,77,25,41,5213.41,3,3,0,100.0,474.51
mf40_ef20_mp2.00_ep12.5_cfd35,40,20,2.0,12.5,35,13000.0,13803.22,3.6807,2364.18,4319.19,15897.64,3275.33,1835.91,21008.88,8008.88,61.61,314,212,77,25,41,5078.55,4,4,0,100.0,835.91
mf45_ef20_mp2.00_ep15.0_cfd40,45,20,2.0,15.0,40,13000.0,14711.29,3.9293,2379.35,4319.19,16971.39,2552.8,1474.51,20998.7,7998.7,61.53,314,198,91,25,41,5264.1,3,3,0,100.0,474.51
mf40_ef20_mp1.00_ep20.0_cfd35,40,20,1.0,20.0,35,13000.0,14517.14,3.8792,2429.46,4319.19,16755.17,2407.38,1835.91,20998.45,7998.45,61.53,314,212,77,25,41,4924.52,4,4,0,100.0,835.91
mf40_ef20_mp2.00_ep15.0_cfd25,40,20,2.0,15.0,25,13000.0,14313.07,3.8175,2384.08,4319.19,16488.51,2824.87,1680.83,20994.21,7994.21,61.49,314,212,77,25,41,5137.93,16,7,8,43.8,680.83
mf45_ef20_mp1.25_ep17.5_cfd30,45,20,1.25,17.5,30,13000.0,14495.23,3.8723,2405.6,4319.19,16725.14,2546.11,1721.79,20993.04,7993.04,61.48,314,198,91,25,41,5041.34,6,4,2,66.7,721.79
mf45_ef20_mp1.50_ep15.0_cfd30,45,20,1.5,15.0,30,13000.0,14262.44,3.8084,2385.37,4319.19,16449.37,2819.95,1721.79,20991.11,7991.11,61.47,314,198,91,25,41,5082.39,6,4,2,66.7,721.79
mf45_ef20_mp1.00_ep20.0_cfd30,45,20,1.0,20.0,30,13000.0,14702.14,3.9311,2424.85,4319.19,16978.97,2289.2,1721.79,20989.96,7989.96,61.46,314,198,91,25,41,4991.34,6,4,2,66.7,721.79
mf45_ef20_mp1.50_ep20.0_cfd40,45,20,1.5,20.0,40,13000.0,15094.55,4.0372,2415.06,4319.19,17437.59,2073.54,1474.51,20985.64,7985.64,61.43,314,198,91,25,41,5168.09,3,3,0,100.0,474.51
mf40_ef20_mp1.25_ep20.0_cfd30,40,20,1.25,20.0,30,13000.0,14678.69,3.9225,2425.59,4319.19,16941.95,2320.35,1721.79,20984.09,7984.09,61.42,314,212,77,25,41,4999.04,6,4,2,66.7,721.79
mf35_ef20_mp1.25_ep20.0_cfd35,35,20,1.25,20.0,35,13000.0,14444.32,3.8782,2435.17,4319.19,16750.58,2395.03,1835.91,20981.52,7981.52,61.4,314,226,63,25,41,4839.35,4,4,0,100.0,835.91
mf45_ef20_mp0.75_ep20.0_cfd35,45,20,0.75,20.0,35,13000.0,14494.19,3.8748,2429.92,4319.19,16736.03,2405.35,1835.91,20977.29,7977.29,61.36,314,198,91,25,41,4899.55,4,4,0,100.0,835.91
mf45_ef20_mp1.00_ep17.5_cfd35,45,20,1.0,17.5,35,13000.0,14272.69,3.8122,2409.67,4319.19,16465.75,2675.69,1835.91,20977.35,7977.35,61.36,314,198,91,25,41,4948.38,4,4,0,100.0,835.91
mf35_ef20_mp2.00_ep17.5_cfd30,35,20,2.0,17.5,30,13000.0,14379.15,3.8669,2414.21,4319.19,16701.85,2553.19,1721.79,20976.83,7976.83,61.36,314,226,63,25,41,4932.34,6,4,2,66.7,721.79
mf45_ef20_mp1.25_ep15.0_cfd35,45,20,1.25,15.0,35,13000.0,14023.17,3.744,2388.41,4319.19,16171.21,2964.04,1835.91,20971.15,7971.15,61.32,314,198,91,25,41,4987.21,4,4,0,100.0,835.91
mf40_ef20_mp1.25_ep17.5_cfd35,40,20,1.25,17.5,35,13000.0,14246.68,3.8027,2409.94,4319.19,16424.48,2711.77,1835.91,20972.16,7972.16,61.32,314,212,77,25,41,4958.45,4,4,0,100.0,835.91
mf35_ef20_mp2.00_ep15.0_cfd35,35,20,2.0,15.0,35,13000.0,13914.48,3.7404,2396.29,4319.19,16155.32,2971.24,1835.91,20962.47,7962.47,61.25,314,226,63,25,41,4885.72,4,4,0,100.0,835.91
mf40_ef20_mp1.50_ep17.5_cfd30,40,20,1.5,17.5,30,13000.0,14420.94,3.8492,2406.82,4319.19,16625.35,2613.49,1721.79,20960.62,7960.62,61.24,314,212,77,25,41,5034.42,6,4,2,66.7,721.79
mf45_ef20_mp2.00_ep10.0_cfd30,45,20,2.0,10.0,30,13000.0,13706.45,3.6622,2342.33,4319.19,15817.55,3421.15,1721.79,20960.49,7960.49,61.23,314,198,91,25,41,5127.6,6,4,2,66.7,721.79
mf45_ef20_mp1.50_ep12.5_cfd35,45,20,1.5,12.5,35,13000.0,13742.15,3.6693,2366.25,4319.19,15848.4,3271.18,1835.91,20955.49,7955.49,61.2,314,198,91,25,41,5013.32,4,4,0,100.0,835.91
mf45_ef20_mp1.25_ep17.5_cfd25,45,20,1.25,17.5,25,13000.0,14495.23,3.8723,2405.6,4319.19,16725.14,2546.11,1680.83,20952.08,7952.08,61.17,314,198,91,25,41,5041.34,16,7,8,43.8,680.83
mf45_ef20_mp1.00_ep20.0_cfd25,45,20,1.0,20.0,25,13000.0,14702.14,3.9311,2424.85,4319.19,16978.97,2289.2,1680.83,20949.0,7949.0,61.15,314,198,91,25,41,4991.34,16,7,8,43.8,680.83
mf45_ef20_mp1.50_ep15.0_cfd25,45,20,1.5,15.0,25,13000.0,14262.44,3.8084,2385.37,4319.19,16449.37,2819.95,1680.83,20950.15,7950.15,61.15,314,198,91,25,41,5082.39,16,7,8,43.8,680.83
mf35_ef20_mp1.50_ep20.0_cfd30,35,20,1.5,20.0,30,13000.0,14559.75,3.9126,2433.07,4319.19,16899.3,2322.94,1721.79,20944.03,7944.03,61.11,314,226,63,25,41,4882.69,6,4,2,66.7,721.79
mf40_ef20_mp1.25_ep20.0_cfd25,40,20,1.25,20.0,25,13000.0,14678.69,3.9225,2425.59,4319.19,16941.95,2320.35,1680.83,20943.13,7943.13,61.1,314,212,77,25,41,4999.04,16,7,8,43.8,680.83
mf40_ef20_mp1.50_ep15.0_cfd35,40,20,1.5,15.0,35,13000.0,13941.33,3.7186,2388.7,4319.19,16061.38,3042.0,1835.91,20939.28,7939.28,61.07,314,212,77,25,41,4983.32,4,4,0,100.0,835.91
mf35_ef20_mp2.00_ep17.5_cfd25,35,20,2.0,17.5,25,13000.0,14379.15,3.8669,2414.21,4319.19,16701.85,2553.19,1680.83,20935.87,7935.87,61.05,314,226,63,25,41,4932.34,16,7,8,43.8,680.83
mf35_ef20_mp1.50_ep17.5_cfd35,35,20,1.5,17.5,35,13000.0,14128.32,3.793,2417.27,4319.19,16382.9,2714.71,1835.91,20933.52,7933.52,61.03,314,226,63,25,41,4843.03,4,4,0,100.0,835.91
mf40_ef20_mp1.50_ep17.5_cfd25,40,20,1.5,17.5,25,13000.0,14420.94,3.8492,2406.82,4319.19,16625.35,2613.49,1680.83,20919.66,7919.66,60.92,314,212,77,25,41,5034.42,16,7,8,43.8,680.83
mf45_ef20_mp2.00_ep10.0_cfd25,45,20,2.0,10.0,25,13000.0,13706.45,3.6622,2342.33,4319.19,15817.55,3421.15,1680.83,20919.53,7919.53,60.92,314,198,91,25,41,5127.6,16,7,8,43.8,680.83
mf40_ef20_mp2.00_ep17.5_cfd40,40,20,2.0,17.5,40,13000.0,14753.23,3.9378,2400.75,4319.19,17008.3,2427.84,1474.51,20910.65,7910.65,60.85,314,212,77,25,41,5181.07,3,3,0,100.0,474.51
mf35_ef20_mp1.50_ep20.0_cfd25,35,20,1.5,20.0,25,13000.0,14559.75,3.9126,2433.07,4319.19,16899.3,2322.94,1680.83,20903.07,7903.07,60.79,314,226,63,25,41,4882.69,16,7,8,43.8,680.83
mf35_ef20_mp1.00_ep20.0_cfd35,35,20,1.0,20.0,35,13000.0,14325.81,3.8429,2437.28,4319.19,16598.06,2469.37,1835.91,20903.34,7903.34,60.79,314,226,63,25,41,4795.18,4,4,0,100.0,835.91
mf40_ef20_mp0.75_ep20.0_cfd35,40,20,0.75,20.0,35,13000.0,14350.56,3.8346,2433.43,4319.19,16562.53,2497.79,1835.91,20896.23,7896.23,60.74,314,212,77,25,41,4848.36,4,4,0,100.0,835.91
mf40_ef20_mp2.00_ep12.5_cfd30,40,20,2.0,12.5,30,13000.0,13803.22,3.6807,2364.18,4319.19,15897.64,3275.33,1721.79,20894.76,7894.76,60.73,314,212,77,25,41,5078.55,6,4,2,66.7,721.79
mf40_ef20_mp1.00_ep20.0_cfd30,40,20,1.0,20.0,30,13000.0,14517.14,3.8792,2429.46,4319.19,16755.17,2407.38,1721.79,20884.34,7884.34,60.65,314,212,77,25,41,4924.52,6,4,2,66.7,721.79
mf45_ef20_mp1.50_ep17.5_cfd40,45,20,1.5,17.5,40,13000.0,14708.86,3.93,2401.6,4319.19,16974.21,2422.88,1474.51,20871.6,7871.6,60.55,314,198,91,25,41,5131.74,3,3,0,100.0,474.51
mf45_ef20_mp2.00_ep12.5_cfd40,45,20,2.0,12.5,40,13000.0,14247.94,3.8051,2362.22,4319.19,16434.88,2959.54,1474.51,20868.93,7868.93,60.53,314,198,91,25,41,5207.49,3,3,0,100.0,474.51
mf35_ef20_mp1.25_ep20.0_cfd30,35,20,1.25,20.0,30,13000.0,14444.32,3.8782,2435.17,4319.19,16750.58,2395.03,1721.79,20867.41,7867.41,60.52,314,226,63,25,41,4839.35,6,4,2,66.7,721.79
mf45_ef20_mp1.25_ep20.0_cfd40,45,20,1.25,20.0,40,13000.0,14902.13,3.9852,2419.9,4319.19,17212.68,2178.69,1474.51,20865.87,7865.87,60.51,314,198,91,25,41,5080.82,3,3,0,100.0,474.51
mf40_ef20_mp1.00_ep17.5_cfd35,40,20,1.0,17.5,35,13000.0,14066.65,3.7546,2413.14,4319.19,16216.92,2813.93,1835.91,20866.75,7866.75,60.51,314,212,77,25,41,4880.58,4,4,0,100.0,835.91
mf45_ef20_mp0.75_ep20.0_cfd30,45,20,0.75,20.0,30,13000.0,14494.19,3.8748,2429.92,4319.19,16736.03,2405.35,1721.79,20863.18,7863.18,60.49,314,198,91,25,41,4899.55,6,4,2,66.7,721.79
mf45_ef20_mp1.00_ep17.5_cfd30,45,20,1.0,17.5,30,13000.0,14272.69,3.8122,2409.67,4319.19,16465.75,2675.69,1721.79,20863.23,7863.23,60.49,314,198,91,25,41,4948.38,6,4,2,66.7,721.79
mf40_ef20_mp1.25_ep17.5_cfd30,40,20,1.25,17.5,30,13000.0,14246.68,3.8027,2409.94,4319.19,16424.48,2711.77,1721.79,20858.04,7858.04,60.45,314,212,77,25,41,4958.45,6,4,2,66.7,721.79
mf45_ef20_mp1.25_ep15.0_cfd30,45,20,1.25,15.0,30,13000.0,14023.17,3.744,2388.41,4319.19,16171.21,2964.04,1721.79,20857.04,7857.04,60.44,314,198,91,25,41,4987.21,6,4,2,66.7,721.79
mf40_ef20_mp2.00_ep12.5_cfd25,40,20,2.0,12.5,25,13000.0,13803.22,3.6807,2364.18,4319.19,15897.64,3275.33,1680.83,20853.8,7853.8,60.41,314,212,77,25,41,5078.55,16,7,8,43.8,680.83
mf35_ef20_mp1.25_ep17.5_cfd35,35,20,1.25,17.5,35,13000.0,13997.51,3.7546,2418.81,4319.19,16216.85,2799.33,1835.91,20852.09,7852.09,60.4,314,226,63,25,41,4796.84,4,4,0,100.0,835.91
mf35_ef20_mp2.00_ep15.0_cfd30,35,20,2.0,15.0,30,13000.0,13914.48,3.7404,2396.29,4319.19,16155.32,2971.24,1721.79,20848.35,7848.35,60.37,314,226,63,25,41,4885.72,6,4,2,66.7,721.79
mf35_ef20_mp2.00_ep20.0_cfd40,35,20,2.0,20.0,40,13000.0,14781.79,3.979,2428.94,4319.19,17185.86,2185.23,1474.51,20845.6,7845.6,60.35,314,226,63,25,41,4967.01,3,3,0,100.0,474.51
mf40_ef20_mp1.00_ep20.0_cfd25,40,20,1.0,20.0,25,13000.0,14517.14,3.8792,2429.46,4319.19,16755.17,2407.38,1680.83,20843.38,7843.38,60.33,314,212,77,25,41,4924.52,16,7,8,43.8,680.83
mf45_ef20_mp0.75_ep17.5_cfd35,45,20,0.75,17.5,35,13000.0,14040.73,3.7497,2413.81,4319.19,16195.46,2811.96,1835.91,20843.33,7843.33,60.33,314,198,91,25,41,4852.7,4,4,0,100.0,835.91
mf45_ef20_mp1.50_ep12.5_cfd30,45,20,1.5,12.5,30,13000.0,13742.15,3.6693,2366.25,4319.19,15848.4,3271.18,1721.79,20841.37,7841.37,60.32,314,198,91,25,41,5013.32,6,4,2,66.7,721.79
mf40_ef20_mp2.00_ep10.0_cfd35,40,20,2.0,10.0,35,13000.0,13207.59,3.5232,2340.88,4319.19,15217.58,3786.9,1835.91,20840.38,7840.38,60.31,314,212,77,25,41,4994.49,4,4,0,100.0,835.91
mf40_ef20_mp1.50_ep20.0_cfd40,40,20,1.5,20.0,40,13000.0,14835.42,3.9644,2421.8,4319.19,17123.14,2236.56,1474.51,20834.2,7834.2,60.26,314,212,77,25,41,5071.98,3,3,0,100.0,474.51
mf45_ef20_mp1.00_ep15.0_cfd35,45,20,1.0,15.0,35,13000.0,13773.18,3.6768,2391.47,4319.19,15880.66,3115.68,1835.91,20832.25,7832.25,60.25,314,198,91,25,41,4888.86,4,4,0,100.0,835.91
mf40_ef20_mp1.25_ep15.0_cfd35,40,20,1.25,15.0,35,13000.0,13745.58,3.6665,2391.08,4319.19,15836.38,3157.1,1835.91,20829.39,7829.39,60.23,314,212,77,25,41,4902.68,4,4,0,100.0,835.91
mf35_ef20_mp1.25_ep20.0_cfd25,35,20,1.25,20.0,25,13000.0,14444.32,3.8782,2435.17,4319.19,16750.58,2395.03,1680.83,20826.44,7826.44,60.2,314,226,63,25,41,4839.35,16,7,8,43.8,680.83
mf40_ef20_mp1.50_ep15.0_cfd30,40,20,1.5,15.0,30,13000.0,13941.33,3.7186,2388.7,4319.19,16061.38,3042.0,1721.79,20825.17,7825.17,60.19,314,212,77,25,41,4983.32,6,4,2,66.7,721.79
mf35_ef20_mp0.75_ep20.0_cfd35,35,20,0.75,20.0,35,13000.0,14204.08,3.8066,2439.42,4319.19,16441.57,2546.04,1835.91,20823.52,7823.52,60.18,314,226,63,25,41,4750.12,4,4,0,100.0,835.91
mf45_ef20_mp0.75_ep20.0_cfd25,45,20,0.75,20.0,25,13000.0,14494.19,3.8748,2429.92,4319.19,16736.03,2405.35,1680.83,20822.21,7822.21,60.17,314,198,91,25,41,4899.55,16,7,8,43.8,680.83
mf45_ef20_mp1.00_ep17.5_cfd25,45,20,1.0,17.5,25,13000.0,14272.69,3.8122,2409.67,4319.19,16465.75,2675.69,1680.83,20822.27,7822.27,60.17,314,198,91,25,41,4948.38,16,7,8,43.8,680.83
mf35_ef20_mp1.50_ep17.5_cfd30,35,20,1.5,17.5,30,13000.0,14128.32,3.793,2417.27,4319.19,16382.9,2714.71,1721.79,20819.4,7819.4,60.15,314,226,63,25,41,4843.03,6,4,2,66.7,721.79
mf40_ef20_mp1.25_ep17.5_cfd25,40,20,1.25,17.5,25,13000.0,14246.68,3.8027,2409.94,4319.19,16424.48,2711.77,1680.83,20817.08,7817.08,60.13,314,212,77,25,41,4958.45,16,7,8,43.8,680.83
mf45_ef20_mp1.25_ep15.0_cfd25,45,20,1.25,15.0,25,13000.0,14023.17,3.744,2388.41,4319.19,16171.21,2964.04,1680.83,20816.07,7816.07,60.12,314,198,91,25,41,4987.21,16,7,8,43.8,680.83
mf35_ef20_mp2.00_ep12.5_cfd35,35,20,2.0,12.5,35,13000.0,13375.02,3.5961,2374.91,4319.19,15532.24,3446.03,1835.91,20814.18,7814.18,60.11,314,226,63,25,41,4821.05,4,4,0,100.0,835.91
mf45_ef20_mp1.25_ep12.5_cfd35,45,20,1.25,12.5,35,13000.0,13471.15,3.5966,2368.24,4319.19,15534.24,3439.55,1835.91,20809.69,7809.69,60.07,314,198,91,25,41,4910.71,4,4,0,100.0,835.91
mf35_ef20_mp2.00_ep15.0_cfd25,35,20,2.0,15.0,25,13000.0,13914.48,3.7404,2396.29,4319.19,16155.32,2971.24,1680.83,20807.39,7807.39,60.06,314,226,63,25,41,4885.72,16,7,8,43.8,680.83
mf45_ef20_mp1.50_ep12.5_cfd25,45,20,1.5,12.5,25,13000.0,13742.15,3.6693,2366.25,4319.19,15848.4,3271.18,1680.83,20800.41,7800.41,60.0,314,198,91,25,41,5013.32,16,7,8,43.8,680.83
mf35_ef20_mp1.50_ep15.0_cfd35,35,20,1.5,15.0,35,13000.0,13628.39,3.6573,2398.15,4319.19,15796.73,3160.35,1835.91,20792.99,7792.99,59.95,314,226,63,25,41,4788.74,4,4,0,100.0,835.91
mf35_ef20_mp1.00_ep20.0_cfd30,35,20,1.0,20.0,30,13000.0,14325.81,3.8429,2437.28,4319.19,16598.06,2469.37,1721.79,20789.22,7789.22,59.92,314,226,63,25,41,4795.18,6,4,2,66.7,721.79
mf40_ef20_mp2.00_ep15.0_cfd40,40,20,2.0,15.0,40,13000.0,14313.07,3.8175,2384.08,4319.19,16488.51,2824.87,1474.51,20787.89,7787.89,59.91,314,212,77,25,41,5137.93,3,3,0,100.0,474.51
mf40_ef20_mp1.50_ep15.0_cfd25,40,20,1.5,15.0,25,13000.0,13941.33,3.7186,2388.7,4319.19,16061.38,3042.0,1680.83,20784.2,7784.2,59.88,314,212,77,25,41,4983.32,16,7,8,43.8,680.83
mf40_ef20_mp0.75_ep20.0_cfd30,40,20,0.75,20.0,30,13000.0,14350.56,3.8346,2433.43,4319.19,16562.53,2497.79,1721.79,20782.12,7782.12,59.86,314,212,77,25,41,4848.36,6,4,2,66.7,721.79
mf40_ef20_mp1.50_ep12.5_cfd35,40,20,1.5,12.5,35,13000.0,13382.48,3.5691,2367.23,4319.19,15415.45,3529.16,1835.91,20780.51,7780.51,59.85,314,212,77,25,41,4911.64,4,4,0,100.0,835.91
mf35_ef20_mp1.50_ep17.5_cfd25,35,20,1.5,17.5,25,13000.0,14128.32,3.793,2417.27,4319.19,16382.9,2714.71,1680.83,20778.44,7778.44,59.83,314,226,63,25,41,4843.03,16,7,8,43.8,680.83
mf45_ef20_mp1.50_ep10.0_cfd35,45,20,1.5,10.0,35,13000.0,13129.25,3.5076,2344.25,4319.19,15149.93,3784.88,1835.91,20770.72,7770.72,59.77,314,198,91,25,41,4914.13,4,4,0,100.0,835.91
mf35_ef20_mp1.00_ep17.5_cfd35,35,20,1.0,17.5,35,13000.0,13862.9,3.7151,2420.36,4319.19,16046.16,2886.64,1835.91,20768.71,7768.71,59.76,314,226,63,25,41,4749.54,4,4,0,100.0,835.91
mf40_ef20_mp0.75_ep17.5_cfd35,40,20,0.75,17.5,35,13000.0,13880.57,3.7049,2416.41,4319.19,16002.33,2920.12,1835.91,20758.35,7758.35,59.68,314,212,77,25,41,4800.69,4,4,0,100.0,835.91
mf40_ef20_mp1.00_ep17.5_cfd30,40,20,1.0,17.5,30,13000.0,14066.65,3.7546,2413.14,4319.19,16216.92,2813.93,1721.79,20752.64,7752.64,59.64,314,212,77,25,41,4880.58,6,4,2,66.7,721.79
mf35_ef20_mp1.00_ep20.0_cfd25,35,20,1.0,20.0,25,13000.0,14325.81,3.8429,2437.28,4319.19,16598.06,2469.37,1680.83,20748.26,7748.26,59.6,314,226,63,25,41,4795.18,16,7,8,43.8,680.83
mf45_ef20_mp1.25_ep17.5_cfd40,45,20,1.25,17.5,40,13000.0,14495.23,3.8723,2405.6,4319.19,16725.14,2546.11,1474.51,20745.76,7745.76,59.58,314,198,91,25,41,5041.34,3,3,0,100.0,474.51
mf45_ef20_mp1.50_ep15.0_cfd40,45,20,1.5,15.0,40,13000.0,14262.44,3.8084,2385.37,4319.19,16449.37,2819.95,1474.51,20743.83,7743.83,59.57,314,198,91,25,41,5082.39,3,3,0,100.0,474.51
mf45_ef20_mp1.00_ep20.0_cfd40,45,20,1.0,20.0,40,13000.0,14702.14,3.9311,2424.85,4319.19,16978.97,2289.2,1474.51,20742.68,7742.68,59.56,314,198,91,25,41,4991.34,3,3,0,100.0,474.51
mf40_ef20_mp0.75_ep20.0_cfd25,40,20,0.75,20.0,25,13000.0,14350.56,3.8346,2433.43,4319.19,16562.53,2497.79,1680.83,20741.16,7741.16,59.55,314,212,77,25,41,4848.36,16,7,8,43.8,680.83
mf35_ef20_mp1.25_ep17.5_cfd30,35,20,1.25,17.5,30,13000.0,13997.51,3.7546,2418.81,4319.19,16216.85,2799.33,1721.79,20737.97,7737.97,59.52,314,226,63,25,41,4796.84,6,4,2,66.7,721.79
mf40_ef20_mp1.25_ep20.0_cfd40,40,20,1.25,20.0,40,13000.0,14678.69,3.9225,2425.59,4319.19,16941.95,2320.35,1474.51,20736.81,7736.81,59.51,314,212,77,25,41,4999.04,3,3,0,100.0,474.51
mf35_ef20_mp2.00_ep17.5_cfd40,35,20,2.0,17.5,40,13000.0,14379.15,3.8669,2414.21,4319.19,16701.85,2553.19,1474.51,20729.55,7729.55,59.46,314,226,63,25,41,4932.34,3,3,0,100.0,474.51
mf45_ef20_mp0.75_ep17.5_cfd30,45,20,0.75,17.5,30,13000.0,14040.73,3.7497,2413.81,4319.19,16195.46,2811.96,1721.79,20729.21,7729.21,59.46,314,198,91,25,41,4852.7,6,4,2,66.7,721.79
mf40_ef20_mp2.00_ep10.0_cfd30,40,20,2.0,10.0,30,13000.0,13207.59,3.5232,2340.88,4319.19,15217.58,3786.9,1721.79,20726.27,7726.27,59.43,314,212,77,25,41,4994.49,6,4,2,66.7,721.79
mf45_ef20_mp1.00_ep15.0_cfd30,45,20,1.0,15.0,30,13000.0,13773.18,3.6768,2391.47,4319.19,15880.66,3115.68,1721.79,20718.13,7718.13,59.37,314,198,91,25,41,4888.86,6,4,2,66.7,721.79
mf40_ef20_mp1.25_ep15.0_cfd30,40,20,1.25,15.0,30,13000.0,13745.58,3.6665,2391.08,4319.19,15836.38,3157.1,1721.79,20715.27,7715.27,59.35,314,212,77,25,41,4902.68,6,4,2,66.7,721.79
mf40_ef20_mp1.00_ep15.0_cfd35,40,20,1.0,15.0,35,13000.0,13542.75,3.6125,2393.52,4319.19,15603.17,3276.85,1835.91,20715.93,7715.93,59.35,314,212,77,25,41,4819.61,4,4,0,100.0,835.91
mf45_ef20_mp2.00_ep10.0_cfd40,45,20,2.0,10.0,40,13000.0,13706.45,3.6622,2342.33,4319.19,15817.55,3421.15,1474.51,20713.21,7713.21,59.33,314,198,91,25,41,5127.6,3,3,0,100.0,474.51
mf40_ef20_mp1.50_ep17.5_cfd40,40,20,1.5,17.5,40,13000.0,14420.94,3.8492,2406.82,4319.19,16625.35,2613.49,1474.51,20713.34,7713.34,59.33,314,212,77,25,41,5034.42,3,3,0,100.0,474.51
mf40_ef20_mp1.00_ep17.5_cfd25,40,20,1.0,17.5,25,13000.0,14066.65,3.7546,2413.14,4319.19,16216.92,2813.93,1680.83,20711.67,7711.67,59.32,314,212,77,25,41,4880.58,16,7,8,43.8,680.83
mf35_ef20_mp0.75_ep20.0_cfd30,35,20,0.75,20.0,30,13000.0,14204.08,3.8066,2439.42,4319.19,16441.57,2546.04,1721.79,20709.4,7709.4,59.3,314,226,63,25,41,4750.12,6,4,2,66.7,721.79
mf35_ef20_mp1.25_ep15.0_cfd35,35,20,1.25,15.0,35,13000.0,13478.59,3.6139,2399.09,4319.19,15609.26,3259.55,1835.91,20704.71,7704.71,59.27,314,226,63,25,41,4738.13,4,4,0,100.0,835.91
mf35_ef20_mp2.00_ep12.5_cfd30,35,20,2.0,12.5,30,13000.0,13375.02,3.5961,2374.91,4319.19,15532.24,3446.03,1721.79,20700.06,7700.06,59.23,314,226,63,25,41,4821.05,6,4,2,66.7,721.79
mf35_ef20_mp1.25_ep17.5_cfd25,35,20,1.25,17.5,25,13000.0,13997.51,3.7546,2418.81,4319.19,16216.85,2799.33,1680.83,20697.01,7697.01,59.21,314,226,63,25,41,4796.84,16,7,8,43.8,680.83
mf35_ef20_mp1.50_ep20.0_cfd40,35,20,1.5,20.0,40,13000.0,14559.75,3.9126,2433.07,4319.19,16899.3,2322.94,1474.51,20696.75,7696.75,59.21,314,226,63,25,41,4882.69,3,3,0,100.0,474.51
mf45_ef20_mp1.25_ep12.5_cfd30,45,20,1.25,12.5,30,13000.0,13471.15,3.5966,2368.24,4319.19,15534.24,3439.55,1721.79,20695.58,7695.58,59.2,314,198,91,25,41,4910.71,6,4,2,66.7,721.79
mf45_ef20_mp0.75_ep15.0_cfd35,45,20,0.75,15.0,35,13000.0,13511.82,3.6064,2394.57,4319.19,15576.93,3275.33,1835.91,20688.16,7688.16,59.14,314,198,91,25,41,4787.14,4,4,0,100.0,835.91
mf45_ef20_mp0.75_ep17.5_cfd25,45,20,0.75,17.5,25,13000.0,14040.73,3.7497,2413.81,4319.19,16195.46,2811.96,1680.83,20688.25,7688.25,59.14,314,198,91,25,41,4852.7,16,7,8,43.8,680.83
mf40_ef20_mp2.00_ep10.0_cfd25,40,20,2.0,10.0,25,13000.0,13207.59,3.5232,2340.88,4319.19,15217.58,3786.9,1680.83,20685.31,7685.31,59.12,314,212,77,25,41,4994.49,16,7,8,43.8,680.83
mf35_ef20_mp0.75_ep17.5_cfd35,35,20,0.75,17.5,35,13000.0,13724.31,3.6744,2421.94,4319.19,15870.61,2976.74,1835.91,20683.26,7683.26,59.1,314,226,63,25,41,4701.05,4,4,0,100.0,835.91
mf35_ef20_mp1.50_ep15.0_cfd30,35,20,1.5,15.0,30,13000.0,13628.39,3.6573,2398.15,4319.19,15796.73,3160.35,1721.79,20678.88,7678.88,59.07,314,226,63,25,41,4788.74,6,4,2,66.7,721.79
mf45_ef20_mp1.00_ep15.0_cfd25,45,20,1.0,15.0,25,13000.0,13773.18,3.6768,2391.47,4319.19,15880.66,3115.68,1680.83,20677.17,7677.17,59.06,314,198,91,25,41,4888.86,16,7,8,43.8,680.83
mf40_ef20_mp1.25_ep15.0_cfd25,40,20,1.25,15.0,25,13000.0,13745.58,3.6665,2391.08,4319.19,15836.38,3157.1,1680.83,20674.31,7674.31,59.03,314,212,77,25,41,4902.68,16,7,8,43.8,680.83
mf35_ef20_mp0.75_ep20.0_cfd25,35,20,0.75,20.0,25,13000.0,14204.08,3.8066,2439.42,4319.19,16441.57,2546.04,1680.83,20668.44,7668.44,58.99,314,226,63,25,41,4750.12,16,7,8,43.8,680.83
mf40_ef20_mp1.50_ep12.5_cfd30,40,20,1.5,12.5,30,13000.0,13382.48,3.5691,2367.23,4319.19,15415.45,3529.16,1721.79,20666.39,7666.39,58.97,314,212,77,25,41,4911.64,6,4,2,66.7,721.79
mf35_ef20_mp2.00_ep12.5_cfd25,35,20,2.0,12.5,25,13000.0,13375.02,3.5961,2374.91,4319.19,15532.24,3446.03,1680.83,20659.1,7659.1,58.92,314,226,63,25,41,4821.05,16,7,8,43.8,680.83
mf40_ef20_mp1.25_ep12.5_cfd35,40,20,1.25,12.5,35,13000.0,13159.75,3.5099,2368.81,4319.19,15160.0,3663.98,1835.91,20659.89,7659.89,58.92,314,212,77,25,41,4823.73,4,4,0,100.0,835.91
mf45_ef20_mp1.00_ep12.5_cfd35,45,20,1.0,12.5,35,13000.0,13186.99,3.5203,2370.21,4319.19,15204.81,3617.0,1835.91,20657.71,7657.71,58.91,314,198,91,25,41,4803.99,4,4,0,100.0,835.91
mf45_ef20_mp1.50_ep10.0_cfd30,45,20,1.5,10.0,30,13000.0,13129.25,3.5076,2344.25,4319.19,15149.93,3784.88,1721.79,20656.6,7656.6,58.9,314,198,91,25,41,4914.13,6,4,2,66.7,721.79
mf35_ef20_mp1.00_ep17.5_cfd30,35,20,1.0,17.5,30,13000.0,13862.9,3.7151,2420.36,4319.19,16046.16,2886.64,1721.79,20654.59,7654.59,58.88,314,226,63,25,41,4749.54,6,4,2,66.7,721.79
mf45_ef20_mp1.25_ep12.5_cfd25,45,20,1.25,12.5,25,13000.0,13471.15,3.5966,2368.24,4319.19,15534.24,3439.55,1680.83,20654.62,7654.62,58.88,314,198,91,25,41,4910.71,16,7,8,43.8,680.83
mf40_ef20_mp2.00_ep12.5_cfd40,40,20,2.0,12.5,40,13000.0,13803.22,3.6807,2364.18,4319.19,15897.64,3275.33,1474.51,20647.48,7647.48,58.83,314,212,77,25,41,5078.55,3,3,0,100.0,474.51
mf40_ef20_mp0.75_ep17.5_cfd30,40,20,0.75,17.5,30,13000.0,13880.57,3.7049,2416.41,4319.19,16002.33,2920.12,1721.79,20644.24,7644.24,58.8,314,212,77,25,41,4800.69,6,4,2,66.7,721.79
mf40_ef20_mp1.00_ep20.0_cfd40,40,20,1.0,20.0,40,13000.0,14517.14,3.8792,2429.46,4319.19,16755.17,2407.38,1474.51,20637.06,7637.06,58.75,314,212,77,25,41,4924.52,3,3,0,100.0,474.51
mf35_ef20_mp1.50_ep15.0_cfd25,35,20,1.5,15.0,25,13000.0,13628.39,3.6573,2398.15,4319.19,15796.73,3160.35,1680.83,20637.91,7637.91,58.75,314,226,63,25,41,4788.74,16,7,8,43.8,680.83
mf35_ef20_mp2.00_ep10.0_cfd35,35,20,2.0,10.0,35,13000.0,12742.85,3.4294,2349.87,4319.19,14812.43,3986.04,1835.91,20634.37,7634.37,58.73,314,226,63,25,41,4728.88,4,4,0,100.0,835.91
mf35_ef20_mp1.50_ep12.5_cfd35,35,20,1.5,12.5,35,13000.0,13044.71,3.5015,2375.5,4319.19,15123.73,3667.45,1835.91,20627.08,7627.08,58.67,314,226,63,25,41,4712.16,4,4,0,100.0,835.91
mf40_ef20_mp1.50_ep12.5_cfd25,40,20,1.5,12.5,25,13000.0,13382.48,3.5691,2367.23,4319.19,15415.45,3529.16,1680.83,20625.43,7625.43,58.66,314,212,77,25,41,4911.64,16,7,8,43.8,680.83
mf35_ef20_mp1.25_ep20.0_cfd40,35,20,1.25,20.0,40,13000.0,14444.32,3.8782,2435.17,4319.19,16750.58,2395.03,1474.51,20620.13,7620.13,58.62,314,226,63,25,41,4839.35,3,3,0,100.0,474.51
mf45_ef20_mp1.50_ep10.0_cfd25,45,20,1.5,10.0,25,13000.0,13129.25,3.5076,2344.25,4319.19,15149.93,3784.88,1680.83,20615.64,7615.64,58.58,314,198,91,25,41,4914.13,16,7,8,43.8,680.83
mf45_ef20_mp1.00_ep17.5_cfd40,45,20,1.0,17.5,40,13000.0,14272.69,3.8122,2409.67,4319.19,16465.75,2675.69,1474.51,20615.95,7615.95,58.58,314,198,91,25,41,4948.38,3,3,0,100.0,474.51
mf45_ef20_mp0.75_ep20.0_cfd40,45,20,0.75,20.0,40,13000.0,14494.19,3.8748,2429.92,4319.19,16736.03,2405.35,1474.51,20615.89,7615.89,58.58,314,198,91,25,41,4899.55,3,3,0,100.0,474.51
mf35_ef20_mp1.00_ep15.0_cfd35,35,20,1.0,15.0,35,13000.0,13323.96,3.5692,2400.04,4319.19,15415.95,3362.0,1835.91,20613.86,7613.86,58.57,314,226,63,25,41,4685.96,4,4,0,100.0,835.91
mf35_ef20_mp1.00_ep17.5_cfd25,35,20,1.0,17.5,25,13000.0,13862.9,3.7151,2420.36,4319.19,16046.16,2886.64,1680.83,20613.63,7613.63,58.57,314,226,63,25,41,4749.54,16,7,8,43.8,680.83
mf45_ef20_mp1.25_ep15.0_cfd40,45,20,1.25,15.0,40,13000.0,14023.17,3.744,2388.41,4319.19,16171.21,2964.04,1474.51,20609.75,7609.75,58.54,314,198,91,25,41,4987.21,3,3,0,100.0,474.51
mf40_ef20_mp1.25_ep17.5_cfd40,40,20,1.25,17.5,40,13000.0,14246.68,3.8027,2409.94,4319.19,16424.48,2711.77,1474.51,20610.76,7610.76,58.54,314,212,77,25,41,4958.45,3,3,0,100.0,474.51
mf45_ef20_mp1.25_ep10.0_cfd35,45,20,1.25,10.0,35,13000.0,12817.99,3.4242,2345.13,4319.19,14789.82,3981.93,1835.91,20607.65,7607.65,58.52,314,198,91,25,41,4799.92,4,4,0,100.0,835.91
mf40_ef20_mp0.75_ep17.5_cfd25,40,20,0.75,17.5,25,13000.0,13880.57,3.7049,2416.41,4319.19,16002.33,2920.12,1680.83,20603.28,7603.28,58.49,314,212,77,25,41,4800.69,16,7,8,43.8,680.83
mf40_ef20_mp1.00_ep15.0_cfd30,40,20,1.0,15.0,30,13000.0,13542.75,3.6125,2393.52,4319.19,15603.17,3276.85,1721.79,20601.81,7601.81,58.48,314,212,77,25,41,4819.61,6,4,2,66.7,721.79
mf35_ef20_mp2.00_ep15.0_cfd40,35,20,2.0,15.0,40,13000.0,13914.48,3.7404,2396.29,4319.19,16155.32,2971.24,1474.51,20601.07,7601.07,58.47,314,226,63,25,41,4885.72,3,3,0,100.0,474.51
mf40_ef20_mp0.75_ep15.0_cfd35,40,20,0.75,15.0,35,13000.0,13332.43,3.5565,2396.03,4319.19,15361.25,3401.48,1835.91,20598.63,7598.63,58.45,314,212,77,25,41,4733.92,4,4,0,100.0,835.91
mf45_ef20_mp1.50_ep12.5_cfd40,45,20,1.5,12.5,40,13000.0,13742.15,3.6693,2366.25,4319.19,15848.4,3271.18,1474.51,20594.09,7594.09,58.42,314,198,91,25,41,5013.32,3,3,0,100.0,474.51
mf35_ef20_mp1.25_ep15.0_cfd30,35,20,1.25,15.0,30,13000.0,13478.59,3.6139,2399.09,4319.19,15609.26,3259.55,1721.79,20590.6,7590.6,58.39,314,226,63,25,41,4738.13,6,4,2,66.7,721.79
mf40_ef20_mp1.50_ep10.0_cfd35,40,20,1.5,10.0,35,13000.0,12724.34,3.3952,2342.29,4319.19,14664.59,4084.1,1835.91,20584.6,7584.6,58.34,314,212,77,25,41,4808.45,4,4,0,100.0,835.91
mf40_ef20_mp1.50_ep15.0_cfd40,40,20,1.5,15.0,40,13000.0,13941.33,3.7186,2388.7,4319.19,16061.38,3042.0,1474.51,20577.89,7577.89,58.29,314,212,77,25,41,4983.32,3,3,0,100.0,474.51
mf45_ef20_mp0.75_ep15.0_cfd30,45,20,0.75,15.0,30,13000.0,13511.82,3.6064,2394.57,4319.19,15576.93,3275.33,1721.79,20574.04,7574.04,58.26,314,198,91,25,41,4787.14,6,4,2,66.7,721.79
mf35_ef20_mp1.50_ep17.5_cfd40,35,20,1.5,17.5,40,13000.0,14128.32,3.793,2417.27,4319.19,16382.9,2714.71,1474.51,20572.12,7572.12,58.25,314,226,63,25,41,4843.03,3,3,0,100.0,474.51
mf35_ef20_mp0.75_ep17.5_cfd30,35,20,0.75,17.5,30,13000.0,13724.31,3.6744,2421.94,4319.19,15870.61,2976.74,1721.79,20569.15,7569.15,58.22,314,226,63,25,41,4701.05,6,4,2,66.7,721.79
mf40_ef20_mp1.00_ep15.0_cfd25,40,20,1.0,15.0,25,13000.0,13542.75,3.6125,2393.52,4319.19,15603.17,3276.85,1680.83,20560.85,7560.85,58.16,314,212,77,25,41,4819.61,16,7,8,43.8,680.83
mf35_ef20_mp1.25_ep15.0_cfd25,35,20,1.25,15.0,25,13000.0,13478.59,3.6139,2399.09,4319.19,15609.26,3259.55,1680.83,20549.63,7549.63,58.07,314,226,63,25,41,4738.13,16,7,8,43.8,680.83
mf40_ef20_mp1.25_ep12.5_cfd30,40,20,1.25,12.5,30,13000.0,13159.75,3.5099,2368.81,4319.19,15160.0,3663.98,1721.79,20545.77,7545.77,58.04,314,212,77,25,41,4823.73,6,4,2,66.7,721.79
mf45_ef20_mp1.00_ep12.5_cfd30,45,20,1.0,12.5,30,13000.0,13186.99,3.5203,2370.21,4319.19,15204.81,3617.0,1721.79,20543.59,7543.59,58.03,314,198,91,25,41,4803.99,6,4,2,66.7,721.79
mf35_ef20_mp1.00_ep20.0_cfd40,35,20,1.0,20.0,40,13000.0,14325.81,3.8429,2437.28,4319.19,16598.06,2469.37,1474.51,20541.94,7541.94,58.01,314,226,63,25,41,4795.18,3,3,0,100.0,474.51
mf40_ef20_mp1.00_ep12.5_cfd35,40,20,1.0,12.5,35,13000.0,12928.05,3.4484,2370.47,4319.19,14894.11,3804.47,1835.91,20534.49,7534.49,57.96,314,212,77,25,41,4732.52,4,4,0,100.0,835.91
mf40_ef20_mp0.75_ep20.0_cfd40,40,20,0.75,20.0,40,13000.0,14350.56,3.8346,2433.43,4319.19,16562.53,2497.79,1474.51,20534.84,7534.84,57.96,314,212,77,25,41,4848.36,3,3,0,100.0,474.51
mf45_ef20_mp0.75_ep15.0_cfd25,45,20,0.75,15.0,25,13000.0,13511.82,3.6064,2394.57,4319.19,15576.93,3275.33,1680.83,20533.08,7533.08,57.95,314,198,91,25,41,4787.14,16,7,8,43.8,680.83
mf35_ef20_mp1.25_ep12.5_cfd35,35,20,1.25,12.5,35,13000.0,12870.82,3.4518,2375.81,4319.19,14908.93,3783.82,1835.91,20528.66,7528.66,57.91,314,226,63,25,41,4654.65,4,4,0,100.0,835.91
mf35_ef20_mp0.75_ep17.5_cfd25,35,20,0.75,17.5,25,13000.0,13724.31,3.6744,2421.94,4319.19,15870.61,2976.74,1680.83,20528.18,7528.18,57.91,314,226,63,25,41,4701.05,16,7,8,43.8,680.83
mf35_ef20_mp0.75_ep15.0_cfd35,35,20,0.75,15.0,35,13000.0,13164.27,3.523,2401.02,4319.19,15216.49,3467.85,1835.91,20520.24,7520.24,57.85,314,226,63,25,41,4632.11,4,4,0,100.0,835.91
mf35_ef20_mp2.00_ep10.0_cfd30,35,20,2.0,10.0,30,13000.0,12742.85,3.4294,2349.87,4319.19,14812.43,3986.04,1721.79,20520.25,7520.25,57.85,314,226,63,25,41,4728.88,6,4,2,66.7,721.79
mf35_ef20_mp1.50_ep12.5_cfd30,35,20,1.5,12.5,30,13000.0,13044.71,3.5015,2375.5,4319.19,15123.73,3667.45,1721.79,20512.97,7512.97,57.79,314,226,63,25,41,4712.16,6,4,2,66.7,721.79
mf40_ef20_mp1.25_ep12.5_cfd25,40,20,1.25,12.5,25,13000.0,13159.75,3.5099,2368.81,4319.19,15160.0,3663.98,1680.83,20504.81,7504.81,57.73,314,212,77,25,41,4823.73,16,7,8,43.8,680.83
mf40_ef20_mp1.00_ep17.5_cfd40,40,20,1.0,17.5,40,13000.0,14066.65,3.7546,2413.14,4319.19,16216.92,2813.93,1474.51,20505.35,7505.35,57.73,314,212,77,25,41,4880.58,3,3,0,100.0,474.51
mf45_ef20_mp1.00_ep12.5_cfd25,45,20,1.0,12.5,25,13000.0,13186.99,3.5203,2370.21,4319.19,15204.81,3617.0,1680.83,20502.63,7502.63,57.71,314,198,91,25,41,4803.99,16,7,8,43.8,680.83
mf35_ef20_mp1.00_ep15.0_cfd30,35,20,1.0,15.0,30,13000.0,13323.96,3.5692,2400.04,4319.19,15415.95,3362.0,1721.79,20499.74,7499.74,57.69,314,226,63,25,41,4685.96,6,4,2,66.7,721.79
mf45_ef20_mp0.75_ep12.5_cfd35,45,20,0.75,12.5,35,13000.0,12888.73,3.4402,2372.17,4319.19,14859.01,3804.09,1835.91,20499.0,7499.0,57.68,314,198,91,25,41,4692.81,4,4,0,100.0,835.91
mf45_ef20_mp1.25_ep10.0_cfd30,45,20,1.25,10.0,30,13000.0,12817.99,3.4242,2345.13,4319.19,14789.82,3981.93,1721.79,20493.54,7493.54,57.64,314,198,91,25,41,4799.92,6,4,2,66.7,721.79
mf35_ef20_mp1.25_ep17.5_cfd40,35,20,1.25,17.5,40,13000.0,13997.51,3.7546,2418.81,4319.19,16216.85,2799.33,1474.51,20490.69,7490.69,57.62,314,226,63,25,41,4796.84,3,3,0,100.0,474.51
mf40_ef20_mp0.75_ep15.0_cfd30,40,20,0.75,15.0,30,13000.0,13332.43,3.5565,2396.03,4319.19,15361.25,3401.48,1721.79,20484.52,7484.52,57.57,314,212,77,25,41,4733.92,6,4,2,66.7,721.79
mf45_ef20_mp0.75_ep17.5_cfd40,45,20,0.75,17.5,40,13000.0,14040.73,3.7497,2413.81,4319.19,16195.46,2811.96,1474.51,20481.93,7481.93,57.55,314,198,91,25,41,4852.7,3,3,0,100.0,474.51
mf40_ef20_mp2.00_ep10.0_cfd40,40,20,2.0,10.0,40,13000.0,13207.59,3.5232,2340.88,4319.19,15217.58,3786.9,1474.51,20478.99,7478.99,57.53,314,212,77,25,41,4994.49,3,3,0,100.0,474.51
mf35_ef20_mp2.00_ep10.0_cfd25,35,20,2.0,10.0,25,13000.0,12742.85,3.4294,2349.87,4319.19,14812.43,3986.04,1680.83,20479.29,7479.29,57.53,314,226,63,25,41,4728.88,16,7,8,43.8,680.83
mf35_ef20_mp1.50_ep12.5_cfd25,35,20,1.5,12.5,25,13000.0,13044.71,3.5015,2375.5,4319.19,15123.73,3667.45,1680.83,20472.0,7472.0,57.48,314,226,63,25,41,4712.16,16,7,8,43.8,680.83
mf45_ef20_mp1.00_ep15.0_cfd40,45,20,1.0,15.0,40,13000.0,13773.18,3.6768,2391.47,4319.19,15880.66,3115.68,1474.51,20470.85,7470.85,57.47,314,198,91,25,41,4888.86,3,3,0,100.0,474.51
mf40_ef20_mp1.50_ep10.0_cfd30,40,20,1.5,10.0,30,13000.0,12724.34,3.3952,2342.29,4319.19,14664.59,4084.1,1721.79,20470.48,7470.48,57.47,314,212,77,25,41,4808.45,6,4,2,66.7,721.79
mf40_ef20_mp1.25_ep15.0_cfd40,40,20,1.25,15.0,40,13000.0,13745.58,3.6665,2391.08,4319.19,15836.38,3157.1,1474.51,20467.99,7467.99,57.45,314,212,77,25,41,4902.68,3,3,0,100.0,474.51
mf35_ef20_mp0.75_ep20.0_cfd40,35,20,0.75,20.0,40,13000.0,14204.08,3.8066,2439.42,4319.19,16441.57,2546.04,1474.51,20462.12,7462.12,57.4,314,226,63,25,41,4750.12,3,3,0,100.0,474.51
mf35_ef20_mp1.00_ep15.0_cfd25,35,20,1.0,15.0,25,13000.0,13323.96,3.5692,2400.04,4319.19,15415.95,3362.0,1680.83,20458.78,7458.78,57.38,314,226,63,25,41,4685.96,16,7,8,43.8,680.83
mf35_ef20_mp2.00_ep12.5_cfd40,35,20,2.0,12.5,40,13000.0,13375.02,3.5961,2374.91,4319.19,15532.24,3446.03,1474.51,20452.78,7452.78,57.33,314,226,63,25,41,4821.05,3,3,0,100.0,474.51
mf45_ef20_mp1.25_ep10.0_cfd25,45,20,1.25,10.0,25,13000.0,12817.99,3.4242,2345.13,4319.19,14789.82,3981.93,1680.83,20452.57,7452.57,57.33,314,198,91,25,41,4799.92,16,7,8,43.8,680.83
mf40_ef20_mp1.25_ep10.0_cfd35,40,20,1.25,10.0,35,13000.0,12466.71,3.3269,2343.09,4319.19,14369.41,4242.47,1835.91,20447.78,7447.78,57.29,314,212,77,25,41,4709.18,4,4,0,100.0,835.91
mf45_ef20_mp1.25_ep12.5_cfd40,45,20,1.25,12.5,40,13000.0,13471.15,3.5966,2368.24,4319.19,15534.24,3439.55,1474.51,20448.3,7448.3,57.29,314,198,91,25,41,4910.71,3,3,0,100.0,474.51
mf40_ef20_mp0.75_ep15.0_cfd25,40,20,0.75,15.0,25,13000.0,13332.43,3.5565,2396.03,4319.19,15361.25,3401.48,1680.83,20443.56,7443.56,57.26,314,212,77,25,41,4733.92,16,7,8,43.8,680.83
mf45_ef20_mp1.00_ep10.0_cfd35,45,20,1.0,10.0,35,13000.0,12490.06,3.3363,2345.96,4319.19,14410.29,4190.02,1835.91,20436.22,7436.22,57.2,314,198,91,25,41,4680.08,4,4,0,100.0,835.91
mf35_ef20_mp1.50_ep15.0_cfd40,35,20,1.5,15.0,40,13000.0,13628.39,3.6573,2398.15,4319.19,15796.73,3160.35,1474.51,20431.6,7431.6,57.17,314,226,63,25,41,4788.74,3,3,0,100.0,474.51
mf40_ef20_mp1.50_ep10.0_cfd25,40,20,1.5,10.0,25,13000.0,12724.34,3.3952,2342.29,4319.19,14664.59,4084.1,1680.83,20429.52,7429.52,57.15,314,212,77,25,41,4808.45,16,7,8,43.8,680.83
mf35_ef20_mp1.00_ep12.5_cfd35,35,20,1.0,12.5,35,13000.0,12690.64,3.4003,2376.16,4319.19,14686.53,3904.2,1835.91,20426.64,7426.64,57.13,314,226,63,25,41,4594.84,4,4,0,100.0,835.91
mf35_ef20_mp1.50_ep10.0_cfd35,35,20,1.5,10.0,35,13000.0,12355.45,3.3198,2349.18,4319.19,14338.89,4245.94,1835.91,20420.74,7420.74,57.08,314,226,63,25,41,4601.4,4,4,0,100.0,835.91
mf40_ef20_mp1.00_ep12.5_cfd30,40,20,1.0,12.5,30,13000.0,12928.05,3.4484,2370.47,4319.19,14894.11,3804.47,1721.79,20420.38,7420.38,57.08,314,212,77,25,41,4732.52,6,4,2,66.7,721.79
mf40_ef20_mp1.50_ep12.5_cfd40,40,20,1.5,12.5,40,13000.0,13382.48,3.5691,2367.23,4319.19,15415.45,3529.16,1474.51,20419.11,7419.11,57.07,314,212,77,25,41,4911.64,3,3,0,100.0,474.51
mf35_ef20_mp1.25_ep12.5_cfd30,35,20,1.25,12.5,30,13000.0,12870.82,3.4518,2375.81,4319.19,14908.93,3783.82,1721.79,20414.54,7414.54,57.03,314,226,63,25,41,4654.65,6,4,2,66.7,721.79
mf45_ef20_mp1.50_ep10.0_cfd40,45,20,1.5,10.0,40,13000.0,13129.25,3.5076,2344.25,4319.19,15149.93,3784.88,1474.51,20409.32,7409.32,56.99,314,198,91,25,41,4914.13,3,3,0,100.0,474.51
mf35_ef20_mp1.00_ep17.5_cfd40,35,20,1.0,17.5,40,13000.0,13862.9,3.7151,2420.36,4319.19,16046.16,2886.64,1474.51,20407.31,7407.31,56.98,314,226,63,25,41,4749.54,3,3,0,100.0,474.51
mf35_ef20_mp0.75_ep15.0_cfd30,35,20,0.75,15.0,30,13000.0,13164.27,3.523,2401.02,4319.19,15216.49,3467.85,1721.79,20406.12,7406.12,56.97,314,226,63,25,41,4632.11,6,4,2,66.7,721.79
mf40_ef20_mp0.75_ep12.5_cfd35,40,20,0.75,12.5,35,13000.0,12686.78,3.3842,2372.2,4319.19,14617.06,3950.94,1835.91,20403.91,7403.91,56.95,314,212,77,25,41,4637.72,4,4,0,100.0,835.91
mf40_ef20_mp0.75_ep17.5_cfd40,40,20,0.75,17.5,40,13000.0,13880.57,3.7049,2416.41,4319.19,16002.33,2920.12,1474.51,20396.96,7396.96,56.9,314,212,77,25,41,4800.69,3,3,0,100.0,474.51
mf45_ef20_mp0.75_ep12.5_cfd30,45,20,0.75,12.5,30,13000.0,12888.73,3.4402,2372.17,4319.19,14859.01,3804.09,1721.79,20384.88,7384.88,56.81,314,198,91,25,41,4692.81,6,4,2,66.7,721.79
mf40_ef20_mp1.00_ep12.5_cfd25,40,20,1.0,12.5,25,13000.0,12928.05,3.4484,2370.47,4319.19,14894.11,3804.47,1680.83,20379.41,7379.41,56.76,314,212,77,25,41,4732.52,16,7,8,43.8,680.83
mf35_ef20_mp1.25_ep12.5_cfd25,35,20,1.25,12.5,25,13000.0,12870.82,3.4518,2375.81,4319.19,14908.93,3783.82,1680.83,20373.58,7373.58,56.72,314,226,63,25,41,4654.65,16,7,8,43.8,680.83
mf35_ef20_mp0.75_ep15.0_cfd25,35,20,0.75,15.0,25,13000.0,13164.27,3.523,2401.02,4319.19,15216.49,3467.85,1680.83,20365.16,7365.16,56.66,314,226,63,25,41,4632.11,16,7,8,43.8,680.83
mf40_ef20_mp1.00_ep15.0_cfd40,40,20,1.0,15.0,40,13000.0,13542.75,3.6125,2393.52,4319.19,15603.17,3276.85,1474.51,20354.53,7354.53,56.57,314,212,77,25,41,4819.61,3,3,0,100.0,474.51
mf35_ef20_mp1.25_ep15.0_cfd40,35,20,1.25,15.0,40,13000.0,13478.59,3.6139,2399.09,4319.19,15609.26,3259.55,1474.51,20343.32,7343.32,56.49,314,226,63,25,41,4738.13,3,3,0,100.0,474.51
mf45_ef20_mp0.75_ep12.5_cfd25,45,20,0.75,12.5,25,13000.0,12888.73,3.4402,2372.17,4319.19,14859.01,3804.09,1680.83,20343.92,7343.92,56.49,314,198,91,25,41,4692.81,16,7,8,43.8,680.83
mf40_ef20_mp1.25_ep10.0_cfd30,40,20,1.25,10.0,30,13000.0,12466.71,3.3269,2343.09,4319.19,14369.41,4242.47,1721.79,20333.66,7333.66,56.41,314,212,77,25,41,4709.18,6,4,2,66.7,721.79
mf45_ef20_mp0.75_ep15.0_cfd40,45,20,0.75,15.0,40,13000.0,13511.82,3.6064,2394.57,4319.19,15576.93,3275.33,1474.51,20326.76,7326.76,56.36,314,198,91,25,41,4787.14,3,3,0,100.0,474.51
mf35_ef20_mp0.75_ep17.5_cfd40,35,20,0.75,17.5,40,13000.0,13724.31,3.6744,2421.94,4319.19,15870.61,2976.74,1474.51,20321.87,7321.87,56.32,314,226,63,25,41,4701.05,3,3,0,100.0,474.51
mf45_ef20_mp1.00_ep10.0_cfd30,45,20,1.0,10.0,30,13000.0,12490.06,3.3363,2345.96,4319.19,14410.29,4190.02,1721.79,20322.1,7322.1,56.32,314,198,91,25,41,4680.08,6,4,2,66.7,721.79
mf35_ef20_mp0.75_ep12.5_cfd35,35,20,0.75,12.5,35,13000.0,12503.75,3.3469,2376.55,4319.19,14456.03,4028.79,1835.91,20320.72,7320.72,56.31,314,226,63,25,41,4532.54,4,4,0,100.0,835.91
mf35_ef20_mp1.00_ep12.5_cfd30,35,20,1.0,12.5,30,13000.0,12690.64,3.4003,2376.16,4319.19,14686.53,3904.2,1721.79,20312.52,7312.52,56.25,314,226,63,25,41,4594.84,6,4,2,66.7,721.79
mf35_ef20_mp1.25_ep10.0_cfd35,35,20,1.25,10.0,35,13000.0,12150.08,3.2617,2348.9,4319.19,14088.02,4382.97,1835.91,20306.89,7306.89,56.21,314,226,63,25,41,4533.04,4,4,0,100.0,835.91
mf35_ef20_mp1.50_ep10.0_cfd30,35,20,1.5,10.0,30,13000.0,12355.45,3.3198,2349.18,4319.19,14338.89,4245.94,1721.79,20306.62,7306.62,56.2,314,226,63,25,41,4601.4,6,4,2,66.7,721.79
mf40_ef20_mp1.00_ep10.0_cfd35,40,20,1.0,10.0,35,13000.0,12197.33,3.2553,2343.97,4319.19,14060.45,4407.88,1835.91,20304.24,7304.24,56.19,314,212,77,25,41,4605.21,4,4,0,100.0,835.91
mf40_ef20_mp1.25_ep12.5_cfd40,40,20,1.25,12.5,40,13000.0,13159.75,3.5099,2368.81,4319.19,15160.0,3663.98,1474.51,20298.49,7298.49,56.14,314,212,77,25,41,4823.73,3,3,0,100.0,474.51
mf45_ef20_mp1.00_ep12.5_cfd40,45,20,1.0,12.5,40,13000.0,13186.99,3.5203,2370.21,4319.19,15204.81,3617.0,1474.51,20296.31,7296.31,56.13,314,198,91,25,41,4803.99,3,3,0,100.0,474.51
mf40_ef20_mp1.25_ep10.0_cfd25,40,20,1.25,10.0,25,13000.0,12466.71,3.3269,2343.09,4319.19,14369.41,4242.47,1680.83,20292.7,7292.7,56.1,314,212,77,25,41,4709.18,16,7,8,43.8,680.83
mf40_ef20_mp0.75_ep12.5_cfd30,40,20,0.75,12.5,30,13000.0,12686.78,3.3842,2372.2,4319.19,14617.06,3950.94,1721.79,20289.79,7289.79,56.08,314,212,77,25,41,4637.72,6,4,2,66.7,721.79
mf45_ef20_mp1.00_ep10.0_cfd25,45,20,1.0,10.0,25,13000.0,12490.06,3.3363,2345.96,4319.19,14410.29,4190.02,1680.83,20281.14,7281.14,56.01,314,198,91,25,41,4680.08,16,7,8,43.8,680.83
mf35_ef20_mp2.00_ep10.0_cfd40,35,20,2.0,10.0,40,13000.0,12742.85,3.4294,2349.87,4319.19,14812.43,3986.04,1474.51,20272.97,7272.97,55.95,314,226,63,25,41,4728.88,3,3,0,100.0,474.51
mf35_ef20_mp1.00_ep12.5_cfd25,35,20,1.0,12.5,25,13000.0,12690.64,3.4003,2376.16,4319.19,14686.53,3904.2,1680.83,20271.56,7271.56,55.94,314,226,63,25,41,4594.84,16,7,8,43.8,680.83
mf35_ef20_mp1.50_ep10.0_cfd25,35,20,1.5,10.0,25,13000.0,12355.45,3.3198,2349.18,4319.19,14338.89,4245.94,1680.83,20265.66,7265.66,55.89,314,226,63,25,41,4601.4,16,7,8,43.8,680.83
mf35_ef20_mp1.50_ep12.5_cfd40,35,20,1.5,12.5,40,13000.0,13044.71,3.5015,2375.5,4319.19,15123.73,3667.45,1474.51,20265.69,7265.69,55.89,314,226,63,25,41,4712.16,3,3,0,100.0,474.51
mf45_ef20_mp0.75_ep10.0_cfd35,45,20,0.75,10.0,35,13000.0,12144.09,3.2436,2346.77,4319.19,14009.71,4409.96,1835.91,20255.58,7255.58,55.81,314,198,91,25,41,4554.06,4,4,0,100.0,835.91
mf35_ef20_mp1.00_ep15.0_cfd40,35,20,1.0,15.0,40,13000.0,13323.96,3.5692,2400.04,4319.19,15415.95,3362.0,1474.51,20252.46,7252.46,55.79,314,226,63,25,41,4685.96,3,3,0,100.0,474.51
mf40_ef20_mp0.75_ep12.5_cfd25,40,20,0.75,12.5,25,13000.0,12686.78,3.3842,2372.2,4319.19,14617.06,3950.94,1680.83,20248.83,7248.83,55.76,314,212,77,25,41,4637.72,16,7,8,43.8,680.83
mf45_ef20_mp1.25_ep10.0_cfd40,45,20,1.25,10.0,40,13000.0,12817.99,3.4242,2345.13,4319.19,14789.82,3981.93,1474.51,20246.25,7246.25,55.74,314,198,91,25,41,4799.92,3,3,0,100.0,474.51
mf40_ef20_mp0.75_ep15.0_cfd40,40,20,0.75,15.0,40,13000.0,13332.43,3.5565,2396.03,4319.19,15361.25,3401.48,1474.51,20237.24,7237.24,55.67,314,212,77,25,41,4733.92,3,3,0,100.0,474.51
mf40_ef20_mp1.50_ep10.0_cfd40,40,20,1.5,10.0,40,13000.0,12724.34,3.3952,2342.29,4319.19,14664.59,4084.1,1474.51,20223.2,7223.2,55.56,314,212,77,25,41,4808.45,3,3,0,100.0,474.51
mf35_ef20_mp0.75_ep12.5_cfd30,35,20,0.75,12.5,30,13000.0,12503.75,3.3469,2376.55,4319.19,14456.03,4028.79,1721.79,20206.6,7206.6,55.44,314,226,63,25,41,4532.54,6,4,2,66.7,721.79
mf35_ef20_mp1.25_ep10.0_cfd30,35,20,1.25,10.0,30,13000.0,12150.08,3.2617,2348.9,4319.19,14088.02,4382.97,1721.79,20192.77,7192.77,55.33,314,226,63,25,41,4533.04,6,4,2,66.7,721.79
mf40_ef20_mp1.00_ep10.0_cfd30,40,20,1.0,10.0,30,13000.0,12197.33,3.2553,2343.97,4319.19,14060.45,4407.88,1721.79,20190.12,7190.12,55.31,314,212,77,25,41,4605.21,6,4,2,66.7,721.79
mf35_ef20_mp1.00_ep10.0_cfd35,35,20,1.0,10.0,35,13000.0,11936.17,3.2013,2348.7,4319.19,13826.83,4525.05,1835.91,20187.79,7187.79,55.29,314,226,63,25,41,4461.22,4,4,0,100.0,835.91
mf40_ef20_mp1.00_ep12.5_cfd40,40,20,1.0,12.5,40,13000.0,12928.05,3.4484,2370.47,4319.19,14894.11,3804.47,1474.51,20173.09,7173.09,55.18,314,212,77,25,41,4732.52,3,3,0,100.0,474.51
mf45_ef15_mp2.00_ep20.0_cfd20,45,15,2.0,20.0,20,13000.0,12907.89,3.4037,2300.27,4319.19,14701.16,4258.61,1208.6,20168.37,7168.37,55.14,314,198,105,11,41,5166.5,8,2,6,25.0,208.6
mf35_ef20_mp1.25_ep12.5_cfd40,35,20,1.25,12.5,40,13000.0,12870.82,3.4518,2375.81,4319.19,14908.93,3783.82,1474.51,20167.26,7167.26,55.13,314,226,63,25,41,4654.65,3,3,0,100.0,474.51
mf35_ef20_mp0.75_ep12.5_cfd25,35,20,0.75,12.5,25,13000.0,12503.75,3.3469,2376.55,4319.19,14456.03,4028.79,1680.83,20165.64,7165.64,55.12,314,226,63,25,41,4532.54,16,7,8,43.8,680.83
mf35_ef20_mp0.75_ep15.0_cfd40,35,20,0.75,15.0,40,13000.0,13164.27,3.523,2401.02,4319.19,15216.49,3467.85,1474.51,20158.84,7158.84,55.07,314,226,63,25,41,4632.11,3,3,0,100.0,474.51
mf40_ef20_mp0.75_ep10.0_cfd35,40,20,0.75,10.0,35,13000.0,11915.25,3.1804,2344.99,4319.19,13736.6,4580.81,1835.91,20153.32,7153.32,55.03,314,212,77,25,41,4496.06,4,4,0,100.0,835.91
mf35_ef20_mp1.25_ep10.0_cfd25,35,20,1.25,10.0,25,13000.0,12150.08,3.2617,2348.9,4319.19,14088.02,4382.97,1680.83,20151.81,7151.81,55.01,314,226,63,25,41,4533.04,16,7,8,43.8,680.83
mf40_ef20_mp1.00_ep10.0_cfd25,40,20,1.0,10.0,25,13000.0,12197.33,3.2553,2343.97,4319.19,14060.45,4407.88,1680.83,20149.16,7149.16,54.99,314,212,77,25,41,4605.21,16,7,8,43.8,680.83
mf45_ef20_mp0.75_ep10.0_cfd30,45,20,0.75,10.0,30,13000.0,12144.09,3.2436,2346.77,4319.19,14009.71,4409.96,1721.79,20141.46,7141.46,54.93,314,198,91,25,41,4554.06,6,4,2,66.7,721.79
mf45_ef20_mp0.75_ep12.5_cfd40,45,20,0.75,12.5,40,13000.0,12888.73,3.4402,2372.17,4319.19,14859.01,3804.09,1474.51,20137.6,7137.6,54.9,314,198,91,25,41,4692.81,3,3,0,100.0,474.51
mf45_ef15_mp2.00_ep17.5_cfd20,45,15,2.0,17.5,20,13000.0,12718.9,3.3612,2292.56,4319.19,14517.78,4401.9,1208.6,20128.29,7128.29,54.83,314,198,105,11,41,5120.8,8,2,6,25.0,208.6
mf45_ef20_mp0.75_ep10.0_cfd25,45,20,0.75,10.0,25,13000.0,12144.09,3.2436,2346.77,4319.19,14009.71,4409.96,1680.83,20100.5,7100.5,54.62,314,198,91,25,41,4554.06,16,7,8,43.8,680.83
mf40_ef20_mp1.25_ep10.0_cfd40,40,20,1.25,10.0,40,13000.0,12466.71,3.3269,2343.09,4319.19,14369.41,4242.47,1474.51,20086.38,7086.38,54.51,314,212,77,25,41,4709.18,3,3,0,100.0,474.51
mf45_ef15_mp2.00_ep15.0_cfd20,45,15,2.0,15.0,20,13000.0,12517.54,3.3157,2285.33,4319.19,14321.28,4548.19,1208.6,20078.07,7078.07,54.45,314,198,105,11,41,5065.72,8,2,6,25.0,208.6
mf45_ef20_mp1.00_ep10.0_cfd40,45,20,1.0,10.0,40,13000.0,12490.06,3.3363,2345.96,4319.19,14410.29,4190.02,1474.51,20074.82,7074.82,54.42,314,198,91,25,41,4680.08,3,3,0,100.0,474.51
mf35_ef20_mp1.00_ep10.0_cfd30,35,20,1.0,10.0,30,13000.0,11936.17,3.2013,2348.7,4319.19,13826.83,4525.05,1721.79,20073.67,7073.67,54.41,314,226,63,25,41,4461.22,6,4,2,66.7,721.79
mf35_ef20_mp1.00_ep12.5_cfd40,35,20,1.0,12.5,40,13000.0,12690.64,3.4003,2376.16,4319.19,14686.53,3904.2,1474.51,20065.24,7065.24,54.35,314,226,63,25,41,4594.84,3,3,0,100.0,474.51
mf35_ef20_mp0.75_ep10.0_cfd35,35,20,0.75,10.0,35,13000.0,11713.12,3.1382,2348.6,4319.19,13554.56,4672.48,1835.91,20062.95,7062.95,54.33,314,226,63,25,41,4385.6,4,4,0,100.0,835.91
mf35_ef20_mp1.50_ep10.0_cfd40,35,20,1.5,10.0,40,13000.0,12355.45,3.3198,2349.18,4319.19,14338.89,4245.94,1474.51,20059.34,7059.34,54.3,314,226,63,25,41,4601.4,3,3,0,100.0,474.51
mf40_ef20_mp0.75_ep12.5_cfd40,40,20,0.75,12.5,40,13000.0,12686.78,3.3842,2372.2,4319.19,14617.06,3950.94,1474.51,20042.51,7042.51,54.17,314,212,77,25,41,4637.72,3,3,0,100.0,474.51
mf40_ef20_mp0.75_ep10.0_cfd30,40,20,0.75,10.0,30,13000.0,11915.25,3.1804,2344.99,4319.19,13736.6,4580.81,1721.79,20039.2,7039.2,54.15,314,212,77,25,41,4496.06,6,4,2,66.7,721.79
mf35_ef20_mp1.00_ep10.0_cfd25,35,20,1.0,10.0,25,13000.0,11936.17,3.2013,2348.7,4319.19,13826.83,4525.05,1680.83,20032.71,7032.71,54.1,314,226,63,25,41,4461.22,16,7,8,43.8,680.83
mf45_ef15_mp2.00_ep12.5_cfd20,45,15,2.0,12.5,20,13000.0,12300.94,3.2664,2278.71,4319.19,14108.41,4698.24,1208.6,20015.26,7015.26,53.96,314,198,105,11,41,4999.18,8,2,6,25.0,208.6
mf40_ef20_mp0.75_ep10.0_cfd25,40,20,0.75,10.0,25,13000.0,11915.25,3.1804,2344.99,4319.19,13736.6,4580.81,1680.83,19998.24,6998.24,53.83,314,212,77,25,41,4496.06,16,7,8,43.8,680.83
mf45_ef15_mp2.00_ep20.0_cfd40,45,15,2.0,20.0,40,13000.0,12907.89,3.4037,2300.27,4319.19,14701.16,4258.61,1000.0,19959.77,6959.77,53.54,314,198,105,11,41,5166.5,0,0,0,,0.0
mf45_ef15_mp2.00_ep20.0_cfd25,45,15,2.0,20.0,25,13000.0,12907.89,3.4037,2300.27,4319.19,14701.16,4258.61,1000.0,19959.77,6959.77,53.54,314,198,105,11,41,5166.5,0,0,0,,0.0
mf45_ef15_mp2.00_ep20.0_cfd30,45,15,2.0,20.0,30,13000.0,12907.89,3.4037,2300.27,4319.19,14701.16,4258.61,1000.0,19959.77,6959.77,53.54,314,198,105,11,41,5166.5,0,0,0,,0.0
mf45_ef15_mp2.00_ep20.0_cfd35,45,15,2.0,20.0,35,13000.0,12907.89,3.4037,2300.27,4319.19,14701.16,4258.61,1000.0,19959.77,6959.77,53.54,314,198,105,11,41,5166.5,0,0,0,,0.0
mf35_ef20_mp0.75_ep12.5_cfd40,35,20,0.75,12.5,40,13000.0,12503.75,3.3469,2376.55,4319.19,14456.03,4028.79,1474.51,19959.32,6959.32,53.53,314,226,63,25,41,4532.54,3,3,0,100.0,474.51
mf35_ef20_mp0.75_ep10.0_cfd30,35,20,0.75,10.0,30,13000.0,11713.12,3.1382,2348.6,4319.19,13554.56,4672.48,1721.79,19948.83,6948.83,53.45,314,226,63,25,41,4385.6,6,4,2,66.7,721.79
mf35_ef20_mp1.25_ep10.0_cfd40,35,20,1.25,10.0,40,13000.0,12150.08,3.2617,2348.9,4319.19,14088.02,4382.97,1474.51,19945.49,6945.49,53.43,314,226,63,25,41,4533.04,3,3,0,100.0,474.51
mf40_ef20_mp1.00_ep10.0_cfd40,40,20,1.0,10.0,40,13000.0,12197.33,3.2553,2343.97,4319.19,14060.45,4407.88,1474.51,19942.84,6942.84,53.41,314,212,77,25,41,4605.21,3,3,0,100.0,474.51
mf45_ef15_mp2.00_ep10.0_cfd20,45,15,2.0,10.0,20,13000.0,12065.65,3.2125,2272.88,4319.19,13875.3,4853.01,1208.6,19936.91,6936.91,53.36,314,198,105,11,41,4918.66,8,2,6,25.0,208.6
mf45_ef15_mp2.00_ep17.5_cfd30,45,15,2.0,17.5,30,13000.0,12718.9,3.3612,2292.56,4319.19,14517.78,4401.9,1000.0,19919.68,6919.68,53.23,314,198,105,11,41,5120.8,0,0,0,,0.0
mf45_ef15_mp2.00_ep17.5_cfd25,45,15,2.0,17.5,25,13000.0,12718.9,3.3612,2292.56,4319.19,14517.78,4401.9,1000.0,19919.68,6919.68,53.23,314,198,105,11,41,5120.8,0,0,0,,0.0
mf45_ef15_mp2.00_ep17.5_cfd40,45,15,2.0,17.5,40,13000.0,12718.9,3.3612,2292.56,4319.19,14517.78,4401.9,1000.0,19919.68,6919.68,53.23,314,198,105,11,41,5120.8,0,0,0,,0.0
mf45_ef15_mp2.00_ep17.5_cfd35,45,15,2.0,17.5,35,13000.0,12718.9,3.3612,2292.56,4319.19,14517.78,4401.9,1000.0,19919.68,6919.68,53.23,314,198,105,11,41,5120.8,0,0,0,,0.0
mf40_ef15_mp2.00_ep20.0_cfd20,40,15,2.0,20.0,20,13000.0,12322.79,3.2407,2290.91,4319.19,13997.09,4713.07,1208.6,19918.76,6918.76,53.22,314,212,91,11,41,5035.87,8,2,6,25.0,208.6
mf35_ef20_mp0.75_ep10.0_cfd25,35,20,0.75,10.0,25,13000.0,11713.12,3.1382,2348.6,4319.19,13554.56,4672.48,1680.83,19907.87,6907.87,53.14,314,226,63,25,41,4385.6,16,7,8,43.8,680.83
mf45_ef20_mp0.75_ep10.0_cfd40,45,20,0.75,10.0,40,13000.0,12144.09,3.2436,2346.77,4319.19,14009.71,4409.96,1474.51,19894.18,6894.18,53.03,314,198,91,25,41,4554.06,3,3,0,100.0,474.51
mf40_ef15_mp2.00_ep17.5_cfd20,40,15,2.0,17.5,20,13000.0,12115.53,3.1936,2281.77,4319.19,13793.71,4872.18,1208.6,19874.49,6874.49,52.88,314,212,91,11,41,4987.7,8,2,6,25.0,208.6
mf45_ef15_mp2.00_ep15.0_cfd25,45,15,2.0,15.0,25,13000.0,12517.54,3.3157,2285.33,4319.19,14321.28,4548.19,1000.0,19869.46,6869.46,52.84,314,198,105,11,41,5065.72,0,0,0,,0.0
mf45_ef15_mp2.00_ep15.0_cfd30,45,15,2.0,15.0,30,13000.0,12517.54,3.3157,2285.33,4319.19,14321.28,4548.19,1000.0,19869.46,6869.46,52.84,314,198,105,11,41,5065.72,0,0,0,,0.0
mf45_ef15_mp2.00_ep15.0_cfd35,45,15,2.0,15.0,35,13000.0,12517.54,3.3157,2285.33,4319.19,14321.28,4548.19,1000.0,19869.46,6869.46,52.84,314,198,105,11,41,5065.72,0,0,0,,0.0
mf45_ef15_mp2.00_ep15.0_cfd40,45,15,2.0,15.0,40,13000.0,12517.54,3.3157,2285.33,4319.19,14321.28,4548.19,1000.0,19869.46,6869.46,52.84,314,198,105,11,41,5065.72,0,0,0,,0.0
mf45_ef15_mp1.50_ep20.0_cfd20,45,15,1.5,20.0,20,13000.0,12150.94,3.2001,2287.0,4319.19,13821.83,4806.63,1208.6,19837.06,6837.06,52.59,314,198,105,11,41,4957.57,8,2,6,25.0,208.6
mf35_ef20_mp1.00_ep10.0_cfd40,35,20,1.0,10.0,40,13000.0,11936.17,3.2013,2348.7,4319.19,13826.83,4525.05,1474.51,19826.39,6826.39,52.51,314,226,63,25,41,4461.22,3,3,0,100.0,474.51
mf40_ef15_mp2.00_ep15.0_cfd20,40,15,2.0,15.0,20,13000.0,11894.79,3.1431,2273.08,4319.19,13575.86,5034.78,1208.6,19819.25,6819.25,52.46,314,212,91,11,41,4929.58,8,2,6,25.0,208.6
mf45_ef15_mp2.00_ep12.5_cfd30,45,15,2.0,12.5,30,13000.0,12300.94,3.2664,2278.71,4319.19,14108.41,4698.24,1000.0,19806.65,6806.65,52.36,314,198,105,11,41,4999.18,0,0,0,,0.0
mf45_ef15_mp2.00_ep12.5_cfd40,45,15,2.0,12.5,40,13000.0,12300.94,3.2664,2278.71,4319.19,14108.41,4698.24,1000.0,19806.65,6806.65,52.36,314,198,105,11,41,4999.18,0,0,0,,0.0
mf45_ef15_mp2.00_ep12.5_cfd25,45,15,2.0,12.5,25,13000.0,12300.94,3.2664,2278.71,4319.19,14108.41,4698.24,1000.0,19806.65,6806.65,52.36,314,198,105,11,41,4999.18,0,0,0,,0.0
mf45_ef15_mp2.00_ep12.5_cfd35,45,15,2.0,12.5,35,13000.0,12300.94,3.2664,2278.71,4319.19,14108.41,4698.24,1000.0,19806.65,6806.65,52.36,314,198,105,11,41,4999.18,0,0,0,,0.0
mf40_ef20_mp0.75_ep10.0_cfd40,40,20,0.75,10.0,40,13000.0,11915.25,3.1804,2344.99,4319.19,13736.6,4580.81,1474.51,19791.92,6791.92,52.25,314,212,77,25,41,4496.06,3,3,0,100.0,474.51
mf45_ef15_mp1.50_ep17.5_cfd20,45,15,1.5,17.5,20,13000.0,11926.75,3.1486,2278.42,4319.19,13599.34,4971.5,1208.6,19779.45,6779.45,52.15,314,198,105,11,41,4898.25,8,2,6,25.0,208.6
mf40_ef15_mp2.00_ep12.5_cfd20,40,15,2.0,12.5,20,13000.0,11657.46,3.0885,2265.0,4319.19,13339.96,5201.8,1208.6,19750.37,6750.37,51.93,314,212,91,11,41,4859.26,8,2,6,25.0,208.6
mf45_ef15_mp2.00_ep10.0_cfd40,45,15,2.0,10.0,40,13000.0,12065.65,3.2125,2272.88,4319.19,13875.3,4853.01,1000.0,19728.3,6728.3,51.76,314,198,105,11,41,4918.66,0,0,0,,0.0
mf45_ef15_mp2.00_ep10.0_cfd30,45,15,2.0,10.0,30,13000.0,12065.65,3.2125,2272.88,4319.19,13875.3,4853.01,1000.0,19728.3,6728.3,51.76,314,198,105,11,41,4918.66,0,0,0,,0.0
mf45_ef15_mp2.00_ep10.0_cfd35,45,15,2.0,10.0,35,13000.0,12065.65,3.2125,2272.88,4319.19,13875.3,4853.01,1000.0,19728.3,6728.3,51.76,314,198,105,11,41,4918.66,0,0,0,,0.0
mf45_ef15_mp2.00_ep10.0_cfd25,45,15,2.0,10.0,25,13000.0,12065.65,3.2125,2272.88,4319.19,13875.3,4853.01,1000.0,19728.3,6728.3,51.76,314,198,105,11,41,4918.66,0,0,0,,0.0
mf35_ef15_mp2.00_ep20.0_cfd20,35,15,2.0,20.0,20,13000.0,11816.39,3.1357,2294.12,4319.19,13543.83,4959.12,1208.6,19711.56,6711.56,51.63,314,226,77,11,41,4775.51,8,2,6,25.0,208.6
mf40_ef15_mp2.00_ep20.0_cfd25,40,15,2.0,20.0,25,13000.0,12322.79,3.2407,2290.91,4319.19,13997.09,4713.07,1000.0,19710.16,6710.16,51.62,314,212,91,11,41,5035.87,0,0,0,,0.0
mf40_ef15_mp2.00_ep20.0_cfd35,40,15,2.0,20.0,35,13000.0,12322.79,3.2407,2290.91,4319.19,13997.09,4713.07,1000.0,19710.16,6710.16,51.62,314,212,91,11,41,5035.87,0,0,0,,0.0
mf40_ef15_mp2.00_ep20.0_cfd30,40,15,2.0,20.0,30,13000.0,12322.79,3.2407,2290.91,4319.19,13997.09,4713.07,1000.0,19710.16,6710.16,51.62,314,212,91,11,41,5035.87,0,0,0,,0.0
mf40_ef15_mp2.00_ep20.0_cfd40,40,15,2.0,20.0,40,13000.0,12322.79,3.2407,2290.91,4319.19,13997.09,4713.07,1000.0,19710.16,6710.16,51.62,314,212,91,11,41,5035.87,0,0,0,,0.0
mf45_ef15_mp1.50_ep15.0_cfd20,45,15,1.5,15.0,20,13000.0,11685.23,3.0926,2270.54,4319.19,13357.64,5140.82,1208.6,19707.07,6707.07,51.59,314,198,105,11,41,4826.05,8,2,6,25.0,208.6
mf35_ef20_mp0.75_ep10.0_cfd40,35,20,0.75,10.0,40,13000.0,11713.12,3.1382,2348.6,4319.19,13554.56,4672.48,1474.51,19701.55,6701.55,51.55,314,226,63,25,41,4385.6,3,3,0,100.0,474.51
mf40_ef15_mp2.00_ep17.5_cfd35,40,15,2.0,17.5,35,13000.0,12115.53,3.1936,2281.77,4319.19,13793.71,4872.18,1000.0,19665.89,6665.89,51.28,314,212,91,11,41,4987.7,0,0,0,,0.0
mf40_ef15_mp2.00_ep17.5_cfd30,40,15,2.0,17.5,30,13000.0,12115.53,3.1936,2281.77,4319.19,13793.71,4872.18,1000.0,19665.89,6665.89,51.28,314,212,91,11,41,4987.7,0,0,0,,0.0
mf40_ef15_mp2.00_ep17.5_cfd40,40,15,2.0,17.5,40,13000.0,12115.53,3.1936,2281.77,4319.19,13793.71,4872.18,1000.0,19665.89,6665.89,51.28,314,212,91,11,41,4987.7,0,0,0,,0.0
mf40_ef15_mp2.00_ep17.5_cfd25,40,15,2.0,17.5,25,13000.0,12115.53,3.1936,2281.77,4319.19,13793.71,4872.18,1000.0,19665.89,6665.89,51.28,314,212,91,11,41,4987.7,0,0,0,,0.0
mf40_ef15_mp2.00_ep10.0_cfd20,40,15,2.0,10.0,20,13000.0,11399.72,3.0287,2257.69,4319.19,13081.72,5374.33,1208.6,19664.66,6664.66,51.27,314,212,91,11,41,4774.05,8,2,6,25.0,208.6
mf35_ef15_mp2.00_ep17.5_cfd20,35,15,2.0,17.5,20,13000.0,11594.71,3.0851,2284.27,4319.19,13325.2,5127.9,1208.6,19661.7,6661.7,51.24,314,226,77,11,41,4722.6,8,2,6,25.0,208.6
mf45_ef15_mp1.25_ep20.0_cfd20,45,15,1.25,20.0,20,13000.0,11737.89,3.0892,2278.58,4319.19,13342.76,5107.54,1208.6,19658.9,6658.9,51.22,314,198,105,11,41,4845.43,8,2,6,25.0,208.6
mf40_ef15_mp1.50_ep20.0_cfd20,40,15,1.5,20.0,20,13000.0,11668.1,3.0662,2277.03,4319.19,13243.6,5185.87,1208.6,19638.07,6638.07,51.06,314,212,91,11,41,4853.97,8,2,6,25.0,208.6
mf45_ef15_mp1.50_ep20.0_cfd25,45,15,1.5,20.0,25,13000.0,12150.94,3.2001,2287.0,4319.19,13821.83,4806.63,1000.0,19628.46,6628.46,50.99,314,198,105,11,41,4957.57,0,0,0,,0.0
mf45_ef15_mp1.50_ep20.0_cfd40,45,15,1.5,20.0,40,13000.0,12150.94,3.2001,2287.0,4319.19,13821.83,4806.63,1000.0,19628.46,6628.46,50.99,314,198,105,11,41,4957.57,0,0,0,,0.0
mf45_ef15_mp1.50_ep20.0_cfd30,45,15,1.5,20.0,30,13000.0,12150.94,3.2001,2287.0,4319.19,13821.83,4806.63,1000.0,19628.46,6628.46,50.99,314,198,105,11,41,4957.57,0,0,0,,0.0
mf45_ef15_mp1.50_ep20.0_cfd35,45,15,1.5,20.0,35,13000.0,12150.94,3.2001,2287.0,4319.19,13821.83,4806.63,1000.0,19628.46,6628.46,50.99,314,198,105,11,41,4957.57,0,0,0,,0.0
mf45_ef15_mp1.50_ep12.5_cfd20,45,15,1.5,12.5,20,13000.0,11422.29,3.0311,2263.6,4319.19,13092.01,5315.76,1208.6,19616.37,6616.37,50.9,314,198,105,11,41,4738.06,8,2,6,25.0,208.6
mf40_ef15_mp2.00_ep15.0_cfd25,40,15,2.0,15.0,25,13000.0,11894.79,3.1431,2273.08,4319.19,13575.86,5034.78,1000.0,19610.64,6610.64,50.85,314,212,91,11,41,4929.58,0,0,0,,0.0
mf40_ef15_mp2.00_ep15.0_cfd40,40,15,2.0,15.0,40,13000.0,11894.79,3.1431,2273.08,4319.19,13575.86,5034.78,1000.0,19610.64,6610.64,50.85,314,212,91,11,41,4929.58,0,0,0,,0.0
mf40_ef15_mp2.00_ep15.0_cfd30,40,15,2.0,15.0,30,13000.0,11894.79,3.1431,2273.08,4319.19,13575.86,5034.78,1000.0,19610.64,6610.64,50.85,314,212,91,11,41,4929.58,0,0,0,,0.0
mf40_ef15_mp2.00_ep15.0_cfd35,40,15,2.0,15.0,35,13000.0,11894.79,3.1431,2273.08,4319.19,13575.86,5034.78,1000.0,19610.64,6610.64,50.85,314,212,91,11,41,4929.58,0,0,0,,0.0
mf35_ef15_mp2.00_ep15.0_cfd20,35,15,2.0,15.0,20,13000.0,11357.71,3.0307,2274.94,4319.19,13090.01,5300.82,1208.6,19599.43,6599.43,50.76,314,226,77,11,41,4658.53,8,2,6,25.0,208.6
mf45_ef15_mp1.25_ep17.5_cfd20,45,15,1.25,17.5,20,13000.0,11492.85,3.0322,2269.51,4319.19,13096.83,5284.83,1208.6,19590.26,6590.26,50.69,314,198,105,11,41,4777.68,8,2,6,25.0,208.6
mf40_ef15_mp1.50_ep17.5_cfd20,40,15,1.5,17.5,20,13000.0,11427.86,3.0106,2267.11,4319.19,13003.39,5364.34,1208.6,19576.33,6576.33,50.59,314,212,91,11,41,4792.19,8,2,6,25.0,208.6
mf45_ef15_mp1.50_ep17.5_cfd35,45,15,1.5,17.5,35,13000.0,11926.75,3.1486,2278.42,4319.19,13599.34,4971.5,1000.0,19570.84,6570.84,50.54,314,198,105,11,41,4898.25,0,0,0,,0.0
mf45_ef15_mp1.50_ep17.5_cfd30,45,15,1.5,17.5,30,13000.0,11926.75,3.1486,2278.42,4319.19,13599.34,4971.5,1000.0,19570.84,6570.84,50.54,314,198,105,11,41,4898.25,0,0,0,,0.0
mf45_ef15_mp1.50_ep17.5_cfd40,45,15,1.5,17.5,40,13000.0,11926.75,3.1486,2278.42,4319.19,13599.34,4971.5,1000.0,19570.84,6570.84,50.54,314,198,105,11,41,4898.25,0,0,0,,0.0
mf45_ef15_mp1.50_ep17.5_cfd25,45,15,1.5,17.5,25,13000.0,11926.75,3.1486,2278.42,4319.19,13599.34,4971.5,1000.0,19570.84,6570.84,50.54,314,198,105,11,41,4898.25,0,0,0,,0.0
mf40_ef15_mp2.00_ep12.5_cfd30,40,15,2.0,12.5,30,13000.0,11657.46,3.0885,2265.0,4319.19,13339.96,5201.8,1000.0,19541.76,6541.76,50.32,314,212,91,11,41,4859.26,0,0,0,,0.0
mf40_ef15_mp2.00_ep12.5_cfd40,40,15,2.0,12.5,40,13000.0,11657.46,3.0885,2265.0,4319.19,13339.96,5201.8,1000.0,19541.76,6541.76,50.32,314,212,91,11,41,4859.26,0,0,0,,0.0
mf40_ef15_mp2.00_ep12.5_cfd35,40,15,2.0,12.5,35,13000.0,11657.46,3.0885,2265.0,4319.19,13339.96,5201.8,1000.0,19541.76,6541.76,50.32,314,212,91,11,41,4859.26,0,0,0,,0.0
mf40_ef15_mp2.00_ep12.5_cfd25,40,15,2.0,12.5,25,13000.0,11657.46,3.0885,2265.0,4319.19,13339.96,5201.8,1000.0,19541.76,6541.76,50.32,314,212,91,11,41,4859.26,0,0,0,,0.0
mf35_ef15_mp2.00_ep12.5_cfd20,35,15,2.0,12.5,20,13000.0,11101.78,2.9714,2266.29,4319.19,12834.15,5478.98,1208.6,19521.73,6521.73,50.17,314,226,77,11,41,4580.76,8,2,6,25.0,208.6
mf45_ef15_mp1.25_ep15.0_cfd20,45,15,1.25,15.0,20,13000.0,11227.27,2.9699,2261.28,4319.19,12827.74,5467.57,1208.6,19503.91,6503.91,50.03,314,198,105,11,41,4694.84,8,2,6,25.0,208.6
mf45_ef15_mp1.50_ep10.0_cfd20,45,15,1.5,10.0,20,13000.0,11133.0,2.9628,2257.84,4319.19,12796.72,5497.75,1208.6,19503.07,6503.07,50.02,314,198,105,11,41,4630.75,8,2,6,25.0,208.6
mf35_ef15_mp2.00_ep20.0_cfd35,35,15,2.0,20.0,35,13000.0,11816.39,3.1357,2294.12,4319.19,13543.83,4959.12,1000.0,19502.95,6502.95,50.02,314,226,77,11,41,4775.51,0,0,0,,0.0
mf35_ef15_mp2.00_ep20.0_cfd25,35,15,2.0,20.0,25,13000.0,11816.39,3.1357,2294.12,4319.19,13543.83,4959.12,1000.0,19502.95,6502.95,50.02,314,226,77,11,41,4775.51,0,0,0,,0.0
mf35_ef15_mp2.00_ep20.0_cfd30,35,15,2.0,20.0,30,13000.0,11816.39,3.1357,2294.12,4319.19,13543.83,4959.12,1000.0,19502.95,6502.95,50.02,314,226,77,11,41,4775.51,0,0,0,,0.0
mf35_ef15_mp2.00_ep20.0_cfd40,35,15,2.0,20.0,40,13000.0,11816.39,3.1357,2294.12,4319.19,13543.83,4959.12,1000.0,19502.95,6502.95,50.02,314,226,77,11,41,4775.51,0,0,0,,0.0
mf45_ef15_mp1.50_ep15.0_cfd30,45,15,1.5,15.0,30,13000.0,11685.23,3.0926,2270.54,4319.19,13357.64,5140.82,1000.0,19498.47,6498.47,49.99,314,198,105,11,41,4826.05,0,0,0,,0.0
mf45_ef15_mp1.50_ep15.0_cfd35,45,15,1.5,15.0,35,13000.0,11685.23,3.0926,2270.54,4319.19,13357.64,5140.82,1000.0,19498.47,6498.47,49.99,314,198,105,11,41,4826.05,0,0,0,,0.0
mf45_ef15_mp1.50_ep15.0_cfd40,45,15,1.5,15.0,40,13000.0,11685.23,3.0926,2270.54,4319.19,13357.64,5140.82,1000.0,19498.47,6498.47,49.99,314,198,105,11,41,4826.05,0,0,0,,0.0
mf45_ef15_mp1.50_ep15.0_cfd25,45,15,1.5,15.0,25,13000.0,11685.23,3.0926,2270.54,4319.19,13357.64,5140.82,1000.0,19498.47,6498.47,49.99,314,198,105,11,41,4826.05,0,0,0,,0.0
mf40_ef15_mp1.50_ep15.0_cfd20,40,15,1.5,15.0,20,13000.0,11169.11,2.9502,2257.88,4319.19,12742.5,5547.81,1208.6,19498.92,6498.92,49.99,314,212,91,11,41,4716.93,8,2,6,25.0,208.6
mf40_ef15_mp1.25_ep20.0_cfd20,40,15,1.25,20.0,20,13000.0,11315.48,2.9723,2268.77,4319.19,12838.05,5441.04,1208.6,19487.69,6487.69,49.91,314,212,91,11,41,4756.52,8,2,6,25.0,208.6
mf35_ef15_mp1.50_ep20.0_cfd20,35,15,1.5,20.0,20,13000.0,11261.51,2.9808,2278.2,4319.19,12874.79,5389.75,1208.6,19473.15,6473.15,49.79,314,226,77,11,41,4651.26,8,2,6,25.0,208.6
mf45_ef15_mp1.00_ep20.0_cfd20,45,15,1.0,20.0,20,13000.0,11299.19,2.9715,2268.72,4319.19,12834.39,5428.23,1208.6,19471.22,6471.22,49.78,314,198,105,11,41,4727.41,8,2,6,25.0,208.6
mf40_ef15_mp2.00_ep10.0_cfd35,40,15,2.0,10.0,35,13000.0,11399.72,3.0287,2257.69,4319.19,13081.72,5374.33,1000.0,19456.05,6456.05,49.66,314,212,91,11,41,4774.05,0,0,0,,0.0
mf40_ef15_mp2.00_ep10.0_cfd40,40,15,2.0,10.0,40,13000.0,11399.72,3.0287,2257.69,4319.19,13081.72,5374.33,1000.0,19456.05,6456.05,49.66,314,212,91,11,41,4774.05,0,0,0,,0.0
mf40_ef15_mp2.00_ep10.0_cfd25,40,15,2.0,10.0,25,13000.0,11399.72,3.0287,2257.69,4319.19,13081.72,5374.33,1000.0,19456.05,6456.05,49.66,314,212,91,11,41,4774.05,0,0,0,,0.0
mf40_ef15_mp2.00_ep10.0_cfd30,40,15,2.0,10.0,30,13000.0,11399.72,3.0287,2257.69,4319.19,13081.72,5374.33,1000.0,19456.05,6456.05,49.66,314,212,91,11,41,4774.05,0,0,0,,0.0
mf35_ef15_mp2.00_ep17.5_cfd30,35,15,2.0,17.5,30,13000.0,11594.71,3.0851,2284.27,4319.19,13325.2,5127.9,1000.0,19453.1,6453.1,49.64,314,226,77,11,41,4722.6,0,0,0,,0.0
mf35_ef15_mp2.00_ep17.5_cfd25,35,15,2.0,17.5,25,13000.0,11594.71,3.0851,2284.27,4319.19,13325.2,5127.9,1000.0,19453.1,6453.1,49.64,314,226,77,11,41,4722.6,0,0,0,,0.0
mf35_ef15_mp2.00_ep17.5_cfd40,35,15,2.0,17.5,40,13000.0,11594.71,3.0851,2284.27,4319.19,13325.2,5127.9,1000.0,19453.1,6453.1,49.64,314,226,77,11,41,4722.6,0,0,0,,0.0
mf35_ef15_mp2.00_ep17.5_cfd35,35,15,2.0,17.5,35,13000.0,11594.71,3.0851,2284.27,4319.19,13325.2,5127.9,1000.0,19453.1,6453.1,49.64,314,226,77,11,41,4722.6,0,0,0,,0.0
mf45_ef15_mp1.25_ep20.0_cfd30,45,15,1.25,20.0,30,13000.0,11737.89,3.0892,2278.58,4319.19,13342.76,5107.54,1000.0,19450.3,6450.3,49.62,314,198,105,11,41,4845.43,0,0,0,,0.0
mf45_ef15_mp1.25_ep20.0_cfd35,45,15,1.25,20.0,35,13000.0,11737.89,3.0892,2278.58,4319.19,13342.76,5107.54,1000.0,19450.3,6450.3,49.62,314,198,105,11,41,4845.43,0,0,0,,0.0
mf45_ef15_mp1.25_ep20.0_cfd25,45,15,1.25,20.0,25,13000.0,11737.89,3.0892,2278.58,4319.19,13342.76,5107.54,1000.0,19450.3,6450.3,49.62,314,198,105,11,41,4845.43,0,0,0,,0.0
mf45_ef15_mp1.25_ep20.0_cfd40,45,15,1.25,20.0,40,13000.0,11737.89,3.0892,2278.58,4319.19,13342.76,5107.54,1000.0,19450.3,6450.3,49.62,314,198,105,11,41,4845.43,0,0,0,,0.0
mf40_ef15_mp1.50_ep20.0_cfd25,40,15,1.5,20.0,25,13000.0,11668.1,3.0662,2277.03,4319.19,13243.6,5185.87,1000.0,19429.47,6429.47,49.46,314,212,91,11,41,4853.97,0,0,0,,0.0
mf40_ef15_mp1.50_ep20.0_cfd30,40,15,1.5,20.0,30,13000.0,11668.1,3.0662,2277.03,4319.19,13243.6,5185.87,1000.0,19429.47,6429.47,49.46,314,212,91,11,41,4853.97,0,0,0,,0.0
mf40_ef15_mp1.50_ep20.0_cfd35,40,15,1.5,20.0,35,13000.0,11668.1,3.0662,2277.03,4319.19,13243.6,5185.87,1000.0,19429.47,6429.47,49.46,314,212,91,11,41,4853.97,0,0,0,,0.0
mf40_ef15_mp1.50_ep20.0_cfd40,40,15,1.5,20.0,40,13000.0,11668.1,3.0662,2277.03,4319.19,13243.6,5185.87,1000.0,19429.47,6429.47,49.46,314,212,91,11,41,4853.97,0,0,0,,0.0
mf35_ef15_mp2.00_ep10.0_cfd20,35,15,2.0,10.0,20,13000.0,10822.57,2.9063,2258.52,4319.19,12552.69,5663.69,1208.6,19424.98,6424.98,49.42,314,226,77,11,41,4486.27,8,2,6,25.0,208.6
mf40_ef15_mp1.25_ep17.5_cfd20,40,15,1.25,17.5,20,13000.0,11055.9,2.9117,2258.44,4319.19,12575.98,5630.5,1208.6,19415.08,6415.08,49.35,314,212,91,11,41,4686.39,8,2,6,25.0,208.6
mf45_ef15_mp1.50_ep12.5_cfd25,45,15,1.5,12.5,25,13000.0,11422.29,3.0311,2263.6,4319.19,13092.01,5315.76,1000.0,19407.77,6407.77,49.29,314,198,105,11,41,4738.06,0,0,0,,0.0
mf45_ef15_mp1.50_ep12.5_cfd35,45,15,1.5,12.5,35,13000.0,11422.29,3.0311,2263.6,4319.19,13092.01,5315.76,1000.0,19407.77,6407.77,49.29,314,198,105,11,41,4738.06,0,0,0,,0.0
mf45_ef15_mp1.50_ep12.5_cfd40,45,15,1.5,12.5,40,13000.0,11422.29,3.0311,2263.6,4319.19,13092.01,5315.76,1000.0,19407.77,6407.77,49.29,314,198,105,11,41,4738.06,0,0,0,,0.0
mf45_ef15_mp1.50_ep12.5_cfd30,45,15,1.5,12.5,30,13000.0,11422.29,3.0311,2263.6,4319.19,13092.01,5315.76,1000.0,19407.77,6407.77,49.29,314,198,105,11,41,4738.06,0,0,0,,0.0
mf35_ef15_mp1.50_ep17.5_cfd20,35,15,1.5,17.5,20,13000.0,11008.15,2.922,2267.67,4319.19,12620.54,5576.7,1208.6,19405.84,6405.84,49.28,314,226,77,11,41,4584.85,8,2,6,25.0,208.6
mf40_ef15_mp1.50_ep12.5_cfd20,40,15,1.5,12.5,20,13000.0,10887.48,2.8838,2249.54,4319.19,12455.86,5737.61,1208.6,19402.08,6402.08,49.25,314,212,91,11,41,4625.1,8,2,6,25.0,208.6
mf45_ef15_mp1.25_ep12.5_cfd20,45,15,1.25,12.5,20,13000.0,10936.28,2.901,2254.17,4319.19,12529.79,5657.18,1208.6,19395.58,6395.58,49.2,314,198,105,11,41,4593.46,8,2,6,25.0,208.6
mf35_ef15_mp2.00_ep15.0_cfd35,35,15,2.0,15.0,35,13000.0,11357.71,3.0307,2274.94,4319.19,13090.01,5300.82,1000.0,19390.83,6390.83,49.16,314,226,77,11,41,4658.53,0,0,0,,0.0
mf35_ef15_mp2.00_ep15.0_cfd25,35,15,2.0,15.0,25,13000.0,11357.71,3.0307,2274.94,4319.19,13090.01,5300.82,1000.0,19390.83,6390.83,49.16,314,226,77,11,41,4658.53,0,0,0,,0.0
mf35_ef15_mp2.00_ep15.0_cfd40,35,15,2.0,15.0,40,13000.0,11357.71,3.0307,2274.94,4319.19,13090.01,5300.82,1000.0,19390.83,6390.83,49.16,314,226,77,11,41,4658.53,0,0,0,,0.0
mf35_ef15_mp2.00_ep15.0_cfd30,35,15,2.0,15.0,30,13000.0,11357.71,3.0307,2274.94,4319.19,13090.01,5300.82,1000.0,19390.83,6390.83,49.16,314,226,77,11,41,4658.53,0,0,0,,0.0
mf45_ef15_mp1.00_ep17.5_cfd20,45,15,1.0,17.5,20,13000.0,11030.65,2.9084,2259.09,4319.19,12561.84,5619.24,1208.6,19389.69,6389.69,49.15,314,198,105,11,41,4649.89,8,2,6,25.0,208.6
mf45_ef15_mp1.25_ep17.5_cfd35,45,15,1.25,17.5,35,13000.0,11492.85,3.0322,2269.51,4319.19,13096.83,5284.83,1000.0,19381.66,6381.66,49.09,314,198,105,11,41,4777.68,0,0,0,,0.0
mf45_ef15_mp1.25_ep17.5_cfd25,45,15,1.25,17.5,25,13000.0,11492.85,3.0322,2269.51,4319.19,13096.83,5284.83,1000.0,19381.66,6381.66,49.09,314,198,105,11,41,4777.68,0,0,0,,0.0
mf45_ef15_mp1.25_ep17.5_cfd40,45,15,1.25,17.5,40,13000.0,11492.85,3.0322,2269.51,4319.19,13096.83,5284.83,1000.0,19381.66,6381.66,49.09,314,198,105,11,41,4777.68,0,0,0,,0.0
mf45_ef15_mp1.25_ep17.5_cfd30,45,15,1.25,17.5,30,13000.0,11492.85,3.0322,2269.51,4319.19,13096.83,5284.83,1000.0,19381.66,6381.66,49.09,314,198,105,11,41,4777.68,0,0,0,,0.0
mf40_ef15_mp1.50_ep17.5_cfd40,40,15,1.5,17.5,40,13000.0,11427.86,3.0106,2267.11,4319.19,13003.39,5364.34,1000.0,19367.72,6367.72,48.98,314,212,91,11,41,4792.19,0,0,0,,0.0
mf40_ef15_mp1.50_ep17.5_cfd30,40,15,1.5,17.5,30,13000.0,11427.86,3.0106,2267.11,4319.19,13003.39,5364.34,1000.0,19367.72,6367.72,48.98,314,212,91,11,41,4792.19,0,0,0,,0.0
mf40_ef15_mp1.50_ep17.5_cfd35,40,15,1.5,17.5,35,13000.0,11427.86,3.0106,2267.11,4319.19,13003.39,5364.34,1000.0,19367.72,6367.72,48.98,314,212,91,11,41,4792.19,0,0,0,,0.0
mf40_ef15_mp1.50_ep17.5_cfd25,40,15,1.5,17.5,25,13000.0,11427.86,3.0106,2267.11,4319.19,13003.39,5364.34,1000.0,19367.72,6367.72,48.98,314,212,91,11,41,4792.19,0,0,0,,0.0
mf35_ef15_mp1.25_ep20.0_cfd20,35,15,1.25,20.0,20,13000.0,10964.38,2.8981,2269.11,4319.19,12517.43,5619.76,1208.6,19345.8,6345.8,48.81,314,226,77,11,41,4584.14,8,2,6,25.0,208.6
mf40_ef15_mp1.00_ep20.0_cfd20,40,15,1.0,20.0,20,13000.0,10944.21,2.8735,2259.47,4319.19,12411.18,5709.85,1208.6,19329.64,6329.64,48.69,314,212,91,11,41,4654.06,8,2,6,25.0,208.6
mf40_ef15_mp1.25_ep15.0_cfd20,40,15,1.25,15.0,20,13000.0,10774.61,2.8453,2248.92,4319.19,12289.3,5825.97,1208.6,19323.88,6323.88,48.65,314,212,91,11,41,4600.58,8,2,6,25.0,208.6
mf35_ef15_mp1.50_ep15.0_cfd20,35,15,1.5,15.0,20,13000.0,10734.38,2.8578,2257.88,4319.19,12343.45,5769.36,1208.6,19321.41,6321.41,48.63,314,226,77,11,41,4503.73,8,2,6,25.0,208.6
mf35_ef15_mp2.00_ep12.5_cfd40,35,15,2.0,12.5,40,13000.0,11101.78,2.9714,2266.29,4319.19,12834.15,5478.98,1000.0,19313.12,6313.12,48.56,314,226,77,11,41,4580.76,0,0,0,,0.0
mf35_ef15_mp2.00_ep12.5_cfd35,35,15,2.0,12.5,35,13000.0,11101.78,2.9714,2266.29,4319.19,12834.15,5478.98,1000.0,19313.12,6313.12,48.56,314,226,77,11,41,4580.76,0,0,0,,0.0
mf35_ef15_mp2.00_ep12.5_cfd25,35,15,2.0,12.5,25,13000.0,11101.78,2.9714,2266.29,4319.19,12834.15,5478.98,1000.0,19313.12,6313.12,48.56,314,226,77,11,41,4580.76,0,0,0,,0.0
mf35_ef15_mp2.00_ep12.5_cfd30,35,15,2.0,12.5,30,13000.0,11101.78,2.9714,2266.29,4319.19,12834.15,5478.98,1000.0,19313.12,6313.12,48.56,314,226,77,11,41,4580.76,0,0,0,,0.0
mf45_ef15_mp1.25_ep15.0_cfd40,45,15,1.25,15.0,40,13000.0,11227.27,2.9699,2261.28,4319.19,12827.74,5467.57,1000.0,19295.31,6295.31,48.43,314,198,105,11,41,4694.84,0,0,0,,0.0
mf45_ef15_mp1.25_ep15.0_cfd35,45,15,1.25,15.0,35,13000.0,11227.27,2.9699,2261.28,4319.19,12827.74,5467.57,1000.0,19295.31,6295.31,48.43,314,198,105,11,41,4694.84,0,0,0,,0.0
mf45_ef15_mp1.25_ep15.0_cfd25,45,15,1.25,15.0,25,13000.0,11227.27,2.9699,2261.28,4319.19,12827.74,5467.57,1000.0,19295.31,6295.31,48.43,314,198,105,11,41,4694.84,0,0,0,,0.0
mf45_ef15_mp1.25_ep15.0_cfd30,45,15,1.25,15.0,30,13000.0,11227.27,2.9699,2261.28,4319.19,12827.74,5467.57,1000.0,19295.31,6295.31,48.43,314,198,105,11,41,4694.84,0,0,0,,0.0
mf45_ef15_mp1.50_ep10.0_cfd25,45,15,1.5,10.0,25,13000.0,11133.0,2.9628,2257.84,4319.19,12796.72,5497.75,1000.0,19294.46,6294.46,48.42,314,198,105,11,41,4630.75,0,0,0,,0.0
mf45_ef15_mp1.50_ep10.0_cfd30,45,15,1.5,10.0,30,13000.0,11133.0,2.9628,2257.84,4319.19,12796.72,5497.75,1000.0,19294.46,6294.46,48.42,314,198,105,11,41,4630.75,0,0,0,,0.0
mf45_ef15_mp1.50_ep10.0_cfd40,45,15,1.5,10.0,40,13000.0,11133.0,2.9628,2257.84,4319.19,12796.72,5497.75,1000.0,19294.46,6294.46,48.42,314,198,105,11,41,4630.75,0,0,0,,0.0
mf45_ef15_mp1.50_ep10.0_cfd35,45,15,1.5,10.0,35,13000.0,11133.0,2.9628,2257.84,4319.19,12796.72,5497.75,1000.0,19294.46,6294.46,48.42,314,198,105,11,41,4630.75,0,0,0,,0.0
mf40_ef15_mp1.50_ep15.0_cfd35,40,15,1.5,15.0,35,13000.0,11169.11,2.9502,2257.88,4319.19,12742.5,5547.81,1000.0,19290.32,6290.32,48.39,314,212,91,11,41,4716.93,0,0,0,,0.0
mf40_ef15_mp1.50_ep15.0_cfd30,40,15,1.5,15.0,30,13000.0,11169.11,2.9502,2257.88,4319.19,12742.5,5547.81,1000.0,19290.32,6290.32,48.39,314,212,91,11,41,4716.93,0,0,0,,0.0
mf40_ef15_mp1.50_ep15.0_cfd40,40,15,1.5,15.0,40,13000.0,11169.11,2.9502,2257.88,4319.19,12742.5,5547.81,1000.0,19290.32,6290.32,48.39,314,212,91,11,41,4716.93,0,0,0,,0.0
mf40_ef15_mp1.50_ep15.0_cfd25,40,15,1.5,15.0,25,13000.0,11169.11,2.9502,2257.88,4319.19,12742.5,5547.81,1000.0,19290.32,6290.32,48.39,314,212,91,11,41,4716.93,0,0,0,,0.0
mf45_ef15_mp1.00_ep15.0_cfd20,45,15,1.0,15.0,20,13000.0,10737.76,2.8388,2250.47,4319.19,12261.44,5816.94,1208.6,19286.98,6286.98,48.36,314,198,105,11,41,4554.7,8,2,6,25.0,208.6
mf40_ef15_mp1.50_ep10.0_cfd20,40,15,1.5,10.0,20,13000.0,10577.66,2.8101,2242.36,4319.19,12137.29,5935.35,1208.6,19281.25,6281.25,48.32,314,212,91,11,41,4513.01,8,2,6,25.0,208.6
mf40_ef15_mp1.25_ep20.0_cfd35,40,15,1.25,20.0,35,13000.0,11315.48,2.9723,2268.77,4319.19,12838.05,5441.04,1000.0,19279.09,6279.09,48.3,314,212,91,11,41,4756.52,0,0,0,,0.0
mf40_ef15_mp1.25_ep20.0_cfd40,40,15,1.25,20.0,40,13000.0,11315.48,2.9723,2268.77,4319.19,12838.05,5441.04,1000.0,19279.09,6279.09,48.3,314,212,91,11,41,4756.52,0,0,0,,0.0
mf40_ef15_mp1.25_ep20.0_cfd30,40,15,1.25,20.0,30,13000.0,11315.48,2.9723,2268.77,4319.19,12838.05,5441.04,1000.0,19279.09,6279.09,48.3,314,212,91,11,41,4756.52,0,0,0,,0.0
mf40_ef15_mp1.25_ep20.0_cfd25,40,15,1.25,20.0,25,13000.0,11315.48,2.9723,2268.77,4319.19,12838.05,5441.04,1000.0,19279.09,6279.09,48.3,314,212,91,11,41,4756.52,0,0,0,,0.0
mf45_ef15_mp0.75_ep20.0_cfd20,45,15,0.75,20.0,20,13000.0,10832.55,2.8464,2257.15,4319.19,12294.07,5770.25,1208.6,19272.92,6272.92,48.25,314,198,105,11,41,4602.8,8,2,6,25.0,208.6
mf35_ef15_mp1.25_ep17.5_cfd20,35,15,1.25,17.5,20,13000.0,10692.69,2.8344,2258.22,4319.19,12242.34,5816.91,1208.6,19267.85,6267.85,48.21,314,226,77,11,41,4509.6,8,2,6,25.0,208.6
mf35_ef15_mp1.50_ep20.0_cfd30,35,15,1.5,20.0,30,13000.0,11261.51,2.9808,2278.2,4319.19,12874.79,5389.75,1000.0,19264.54,6264.54,48.19,314,226,77,11,41,4651.26,0,0,0,,0.0
mf35_ef15_mp1.50_ep20.0_cfd40,35,15,1.5,20.0,40,13000.0,11261.51,2.9808,2278.2,4319.19,12874.79,5389.75,1000.0,19264.54,6264.54,48.19,314,226,77,11,41,4651.26,0,0,0,,0.0
mf35_ef15_mp1.50_ep20.0_cfd35,35,15,1.5,20.0,35,13000.0,11261.51,2.9808,2278.2,4319.19,12874.79,5389.75,1000.0,19264.54,6264.54,48.19,314,226,77,11,41,4651.26,0,0,0,,0.0
mf35_ef15_mp1.50_ep20.0_cfd25,35,15,1.5,20.0,25,13000.0,11261.51,2.9808,2278.2,4319.19,12874.79,5389.75,1000.0,19264.54,6264.54,48.19,314,226,77,11,41,4651.26,0,0,0,,0.0
mf45_ef15_mp1.00_ep20.0_cfd40,45,15,1.0,20.0,40,13000.0,11299.19,2.9715,2268.72,4319.19,12834.39,5428.23,1000.0,19262.61,6262.61,48.17,314,198,105,11,41,4727.41,0,0,0,,0.0
mf45_ef15_mp1.00_ep20.0_cfd35,45,15,1.0,20.0,35,13000.0,11299.19,2.9715,2268.72,4319.19,12834.39,5428.23,1000.0,19262.61,6262.61,48.17,314,198,105,11,41,4727.41,0,0,0,,0.0
mf45_ef15_mp1.00_ep20.0_cfd25,45,15,1.0,20.0,25,13000.0,11299.19,2.9715,2268.72,4319.19,12834.39,5428.23,1000.0,19262.61,6262.61,48.17,314,198,105,11,41,4727.41,0,0,0,,0.0
mf45_ef15_mp1.00_ep20.0_cfd30,45,15,1.0,20.0,30,13000.0,11299.19,2.9715,2268.72,4319.19,12834.39,5428.23,1000.0,19262.61,6262.61,48.17,314,198,105,11,41,4727.41,0,0,0,,0.0
mf45_ef15_mp1.25_ep10.0_cfd20,45,15,1.25,10.0,20,13000.0,10613.97,2.8237,2248.51,4319.19,12196.08,5855.44,1208.6,19260.12,6260.12,48.15,314,198,105,11,41,4469.41,8,2,6,25.0,208.6
mf40_ef15_mp1.00_ep17.5_cfd20,40,15,1.0,17.5,20,13000.0,10662.98,2.8071,2248.69,4319.19,12124.48,5911.36,1208.6,19244.45,6244.45,48.03,314,212,91,11,41,4574.34,8,2,6,25.0,208.6
mf35_ef15_mp2.00_ep10.0_cfd35,35,15,2.0,10.0,35,13000.0,10822.57,2.9063,2258.52,4319.19,12552.69,5663.69,1000.0,19216.38,6216.38,47.82,314,226,77,11,41,4486.27,0,0,0,,0.0
mf35_ef15_mp2.00_ep10.0_cfd40,35,15,2.0,10.0,40,13000.0,10822.57,2.9063,2258.52,4319.19,12552.69,5663.69,1000.0,19216.38,6216.38,47.82,314,226,77,11,41,4486.27,0,0,0,,0.0
mf35_ef15_mp2.00_ep10.0_cfd30,35,15,2.0,10.0,30,13000.0,10822.57,2.9063,2258.52,4319.19,12552.69,5663.69,1000.0,19216.38,6216.38,47.82,314,226,77,11,41,4486.27,0,0,0,,0.0
mf35_ef15_mp2.00_ep10.0_cfd25,35,15,2.0,10.0,25,13000.0,10822.57,2.9063,2258.52,4319.19,12552.69,5663.69,1000.0,19216.38,6216.38,47.82,314,226,77,11,41,4486.27,0,0,0,,0.0
mf35_ef15_mp1.50_ep12.5_cfd20,35,15,1.5,12.5,20,13000.0,10435.34,2.7871,2249.05,4319.19,12037.88,5969.23,1208.6,19215.72,6215.72,47.81,314,226,77,11,41,4404.57,8,2,6,25.0,208.6
mf35_ef15_mp1.00_ep20.0_cfd20,35,15,1.0,20.0,20,13000.0,10652.82,2.8115,2259.15,4319.19,12143.29,5860.36,1208.6,19212.25,6212.25,47.79,314,226,77,11,41,4513.18,8,2,6,25.0,208.6
mf40_ef15_mp1.25_ep12.5_cfd20,40,15,1.25,12.5,20,13000.0,10466.44,2.7718,2240.48,4319.19,11971.93,6029.05,1208.6,19209.58,6209.58,47.77,314,212,91,11,41,4495.48,8,2,6,25.0,208.6
mf40_ef15_mp1.25_ep17.5_cfd25,40,15,1.25,17.5,25,13000.0,11055.9,2.9117,2258.44,4319.19,12575.98,5630.5,1000.0,19206.48,6206.48,47.74,314,212,91,11,41,4686.39,0,0,0,,0.0
mf40_ef15_mp1.25_ep17.5_cfd30,40,15,1.25,17.5,30,13000.0,11055.9,2.9117,2258.44,4319.19,12575.98,5630.5,1000.0,19206.48,6206.48,47.74,314,212,91,11,41,4686.39,0,0,0,,0.0
mf40_ef15_mp1.25_ep17.5_cfd35,40,15,1.25,17.5,35,13000.0,11055.9,2.9117,2258.44,4319.19,12575.98,5630.5,1000.0,19206.48,6206.48,47.74,314,212,91,11,41,4686.39,0,0,0,,0.0
mf40_ef15_mp1.25_ep17.5_cfd40,40,15,1.25,17.5,40,13000.0,11055.9,2.9117,2258.44,4319.19,12575.98,5630.5,1000.0,19206.48,6206.48,47.74,314,212,91,11,41,4686.39,0,0,0,,0.0
mf35_ef15_mp1.50_ep17.5_cfd35,35,15,1.5,17.5,35,13000.0,11008.15,2.922,2267.67,4319.19,12620.54,5576.7,1000.0,19197.24,6197.24,47.67,314,226,77,11,41,4584.85,0,0,0,,0.0
mf35_ef15_mp1.50_ep17.5_cfd40,35,15,1.5,17.5,40,13000.0,11008.15,2.922,2267.67,4319.19,12620.54,5576.7,1000.0,19197.24,6197.24,47.67,314,226,77,11,41,4584.85,0,0,0,,0.0
mf35_ef15_mp1.50_ep17.5_cfd25,35,15,1.5,17.5,25,13000.0,11008.15,2.922,2267.67,4319.19,12620.54,5576.7,1000.0,19197.24,6197.24,47.67,314,226,77,11,41,4584.85,0,0,0,,0.0
mf35_ef15_mp1.50_ep17.5_cfd30,35,15,1.5,17.5,30,13000.0,11008.15,2.922,2267.67,4319.19,12620.54,5576.7,1000.0,19197.24,6197.24,47.67,314,226,77,11,41,4584.85,0,0,0,,0.0
mf40_ef15_mp1.50_ep12.5_cfd25,40,15,1.5,12.5,25,13000.0,10887.48,2.8838,2249.54,4319.19,12455.86,5737.61,1000.0,19193.47,6193.47,47.64,314,212,91,11,41,4625.1,0,0,0,,0.0
mf40_ef15_mp1.50_ep12.5_cfd30,40,15,1.5,12.5,30,13000.0,10887.48,2.8838,2249.54,4319.19,12455.86,5737.61,1000.0,19193.47,6193.47,47.64,314,212,91,11,41,4625.1,0,0,0,,0.0
mf40_ef15_mp1.50_ep12.5_cfd35,40,15,1.5,12.5,35,13000.0,10887.48,2.8838,2249.54,4319.19,12455.86,5737.61,1000.0,19193.47,6193.47,47.64,314,212,91,11,41,4625.1,0,0,0,,0.0
mf40_ef15_mp1.50_ep12.5_cfd40,40,15,1.5,12.5,40,13000.0,10887.48,2.8838,2249.54,4319.19,12455.86,5737.61,1000.0,19193.47,6193.47,47.64,314,212,91,11,41,4625.1,0,0,0,,0.0
mf45_ef15_mp1.25_ep12.5_cfd35,45,15,1.25,12.5,35,13000.0,10936.28,2.901,2254.17,4319.19,12529.79,5657.18,1000.0,19186.97,6186.97,47.59,314,198,105,11,41,4593.46,0,0,0,,0.0
mf45_ef15_mp1.25_ep12.5_cfd30,45,15,1.25,12.5,30,13000.0,10936.28,2.901,2254.17,4319.19,12529.79,5657.18,1000.0,19186.97,6186.97,47.59,314,198,105,11,41,4593.46,0,0,0,,0.0
mf45_ef15_mp1.25_ep12.5_cfd40,45,15,1.25,12.5,40,13000.0,10936.28,2.901,2254.17,4319.19,12529.79,5657.18,1000.0,19186.97,6186.97,47.59,314,198,105,11,41,4593.46,0,0,0,,0.0
mf45_ef15_mp1.25_ep12.5_cfd25,45,15,1.25,12.5,25,13000.0,10936.28,2.901,2254.17,4319.19,12529.79,5657.18,1000.0,19186.97,6186.97,47.59,314,198,105,11,41,4593.46,0,0,0,,0.0
mf45_ef15_mp1.00_ep17.5_cfd25,45,15,1.0,17.5,25,13000.0,11030.65,2.9084,2259.09,4319.19,12561.84,5619.24,1000.0,19181.08,6181.08,47.55,314,198,105,11,41,4649.89,0,0,0,,0.0
mf45_ef15_mp1.00_ep17.5_cfd40,45,15,1.0,17.5,40,13000.0,11030.65,2.9084,2259.09,4319.19,12561.84,5619.24,1000.0,19181.08,6181.08,47.55,314,198,105,11,41,4649.89,0,0,0,,0.0
mf45_ef15_mp1.00_ep17.5_cfd35,45,15,1.0,17.5,35,13000.0,11030.65,2.9084,2259.09,4319.19,12561.84,5619.24,1000.0,19181.08,6181.08,47.55,314,198,105,11,41,4649.89,0,0,0,,0.0
mf45_ef15_mp1.00_ep17.5_cfd30,45,15,1.0,17.5,30,13000.0,11030.65,2.9084,2259.09,4319.19,12561.84,5619.24,1000.0,19181.08,6181.08,47.55,314,198,105,11,41,4649.89,0,0,0,,0.0
mf45_ef15_mp0.75_ep17.5_cfd20,45,15,0.75,17.5,20,13000.0,10537.45,2.7763,2246.87,4319.19,11991.21,5976.52,1208.6,19176.34,6176.34,47.51,314,198,105,11,41,4513.97,8,2,6,25.0,208.6
mf35_ef15_mp1.25_ep15.0_cfd20,35,15,1.25,15.0,20,13000.0,10397.44,2.7645,2248.19,4319.19,11940.5,6020.77,1208.6,19169.88,6169.88,47.46,314,226,77,11,41,4418.21,8,2,6,25.0,208.6
mf40_ef15_mp0.75_ep20.0_cfd20,40,15,0.75,20.0,20,13000.0,10552.7,2.7693,2248.98,4319.19,11961.13,5993.29,1208.6,19163.03,6163.03,47.41,314,212,91,11,41,4545.99,8,2,6,25.0,208.6
mf45_ef15_mp1.00_ep12.5_cfd20,45,15,1.0,12.5,20,13000.0,10414.7,2.7612,2243.18,4319.19,11926.29,6023.08,1208.6,19157.98,6157.98,47.37,314,198,105,11,41,4437.78,8,2,6,25.0,208.6
mf35_ef15_mp1.25_ep20.0_cfd30,35,15,1.25,20.0,30,13000.0,10964.38,2.8981,2269.11,4319.19,12517.43,5619.76,1000.0,19137.2,6137.2,47.21,314,226,77,11,41,4584.14,0,0,0,,0.0
mf40_ef15_mp1.00_ep15.0_cfd20,40,15,1.0,15.0,20,13000.0,10356.29,2.734,2238.88,4319.19,11808.52,6120.1,1208.6,19137.23,6137.23,47.21,314,212,91,11,41,4476.39,8,2,6,25.0,208.6
mf35_ef15_mp1.25_ep20.0_cfd25,35,15,1.25,20.0,25,13000.0,10964.38,2.8981,2269.11,4319.19,12517.43,5619.76,1000.0,19137.2,6137.2,47.21,314,226,77,11,41,4584.14,0,0,0,,0.0
mf35_ef15_mp1.25_ep20.0_cfd40,35,15,1.25,20.0,40,13000.0,10964.38,2.8981,2269.11,4319.19,12517.43,5619.76,1000.0,19137.2,6137.2,47.21,314,226,77,11,41,4584.14,0,0,0,,0.0
mf35_ef15_mp1.25_ep20.0_cfd35,35,15,1.25,20.0,35,13000.0,10964.38,2.8981,2269.11,4319.19,12517.43,5619.76,1000.0,19137.2,6137.2,47.21,314,226,77,11,41,4584.14,0,0,0,,0.0
mf35_ef15_mp1.00_ep17.5_cfd20,35,15,1.0,17.5,20,13000.0,10360.84,2.7424,2247.88,4319.19,11844.95,6068.58,1208.6,19122.13,6122.13,47.09,314,226,77,11,41,4429.42,8,2,6,25.0,208.6
mf40_ef15_mp1.00_ep20.0_cfd35,40,15,1.0,20.0,35,13000.0,10944.21,2.8735,2259.47,4319.19,12411.18,5709.85,1000.0,19121.03,6121.03,47.08,314,212,91,11,41,4654.06,0,0,0,,0.0
mf40_ef15_mp1.00_ep20.0_cfd30,40,15,1.0,20.0,30,13000.0,10944.21,2.8735,2259.47,4319.19,12411.18,5709.85,1000.0,19121.03,6121.03,47.08,314,212,91,11,41,4654.06,0,0,0,,0.0
mf40_ef15_mp1.00_ep20.0_cfd40,40,15,1.0,20.0,40,13000.0,10944.21,2.8735,2259.47,4319.19,12411.18,5709.85,1000.0,19121.03,6121.03,47.08,314,212,91,11,41,4654.06,0,0,0,,0.0
mf40_ef15_mp1.00_ep20.0_cfd25,40,15,1.0,20.0,25,13000.0,10944.21,2.8735,2259.47,4319.19,12411.18,5709.85,1000.0,19121.03,6121.03,47.08,314,212,91,11,41,4654.06,0,0,0,,0.0
mf40_ef15_mp1.25_ep15.0_cfd30,40,15,1.25,15.0,30,13000.0,10774.61,2.8453,2248.92,4319.19,12289.3,5825.97,1000.0,19115.27,6115.27,47.04,314,212,91,11,41,4600.58,0,0,0,,0.0
mf40_ef15_mp1.25_ep15.0_cfd35,40,15,1.25,15.0,35,13000.0,10774.61,2.8453,2248.92,4319.19,12289.3,5825.97,1000.0,19115.27,6115.27,47.04,314,212,91,11,41,4600.58,0,0,0,,0.0
mf40_ef15_mp1.25_ep15.0_cfd25,40,15,1.25,15.0,25,13000.0,10774.61,2.8453,2248.92,4319.19,12289.3,5825.97,1000.0,19115.27,6115.27,47.04,314,212,91,11,41,4600.58,0,0,0,,0.0
mf40_ef15_mp1.25_ep15.0_cfd40,40,15,1.25,15.0,40,13000.0,10774.61,2.8453,2248.92,4319.19,12289.3,5825.97,1000.0,19115.27,6115.27,47.04,314,212,91,11,41,4600.58,0,0,0,,0.0
mf35_ef15_mp1.50_ep15.0_cfd35,35,15,1.5,15.0,35,13000.0,10734.38,2.8578,2257.88,4319.19,12343.45,5769.36,1000.0,19112.81,6112.81,47.02,314,226,77,11,41,4503.73,0,0,0,,0.0
mf35_ef15_mp1.50_ep15.0_cfd40,35,15,1.5,15.0,40,13000.0,10734.38,2.8578,2257.88,4319.19,12343.45,5769.36,1000.0,19112.81,6112.81,47.02,314,226,77,11,41,4503.73,0,0,0,,0.0
mf35_ef15_mp1.50_ep15.0_cfd25,35,15,1.5,15.0,25,13000.0,10734.38,2.8578,2257.88,4319.19,12343.45,5769.36,1000.0,19112.81,6112.81,47.02,314,226,77,11,41,4503.73,0,0,0,,0.0
mf35_ef15_mp1.50_ep15.0_cfd30,35,15,1.5,15.0,30,13000.0,10734.38,2.8578,2257.88,4319.19,12343.45,5769.36,1000.0,19112.81,6112.81,47.02,314,226,77,11,41,4503.73,0,0,0,,0.0
mf35_ef15_mp1.50_ep10.0_cfd20,35,15,1.5,10.0,20,13000.0,10105.13,2.7081,2241.5,4319.19,11697.0,6178.17,1208.6,19083.78,6083.78,46.8,314,226,77,11,41,4283.3,8,2,6,25.0,208.6
mf45_ef15_mp1.00_ep15.0_cfd40,45,15,1.0,15.0,40,13000.0,10737.76,2.8388,2250.47,4319.19,12261.44,5816.94,1000.0,19078.38,6078.38,46.76,314,198,105,11,41,4554.7,0,0,0,,0.0
mf45_ef15_mp1.00_ep15.0_cfd30,45,15,1.0,15.0,30,13000.0,10737.76,2.8388,2250.47,4319.19,12261.44,5816.94,1000.0,19078.38,6078.38,46.76,314,198,105,11,41,4554.7,0,0,0,,0.0
mf45_ef15_mp1.00_ep15.0_cfd35,45,15,1.0,15.0,35,13000.0,10737.76,2.8388,2250.47,4319.19,12261.44,5816.94,1000.0,19078.38,6078.38,46.76,314,198,105,11,41,4554.7,0,0,0,,0.0
mf45_ef15_mp1.00_ep15.0_cfd25,45,15,1.0,15.0,25,13000.0,10737.76,2.8388,2250.47,4319.19,12261.44,5816.94,1000.0,19078.38,6078.38,46.76,314,198,105,11,41,4554.7,0,0,0,,0.0
mf40_ef15_mp1.50_ep10.0_cfd30,40,15,1.5,10.0,30,13000.0,10577.66,2.8101,2242.36,4319.19,12137.29,5935.35,1000.0,19072.64,6072.64,46.71,314,212,91,11,41,4513.01,0,0,0,,0.0
mf35_ef15_mp0.75_ep20.0_cfd20,35,15,0.75,20.0,20,13000.0,10325.71,2.7207,2248.23,4319.19,11751.01,6112.2,1208.6,19071.81,6071.81,46.71,314,226,77,11,41,4437.91,8,2,6,25.0,208.6
mf40_ef15_mp1.50_ep10.0_cfd25,40,15,1.5,10.0,25,13000.0,10577.66,2.8101,2242.36,4319.19,12137.29,5935.35,1000.0,19072.64,6072.64,46.71,314,212,91,11,41,4513.01,0,0,0,,0.0
mf40_ef15_mp1.50_ep10.0_cfd40,40,15,1.5,10.0,40,13000.0,10577.66,2.8101,2242.36,4319.19,12137.29,5935.35,1000.0,19072.64,6072.64,46.71,314,212,91,11,41,4513.01,0,0,0,,0.0
mf40_ef15_mp1.50_ep10.0_cfd35,40,15,1.5,10.0,35,13000.0,10577.66,2.8101,2242.36,4319.19,12137.29,5935.35,1000.0,19072.64,6072.64,46.71,314,212,91,11,41,4513.01,0,0,0,,0.0
mf40_ef15_mp1.25_ep10.0_cfd20,40,15,1.25,10.0,20,13000.0,10125.12,2.6895,2233.45,4319.19,11616.52,6241.67,1208.6,19066.79,6066.79,46.67,314,212,91,11,41,4366.79,8,2,6,25.0,208.6
mf45_ef15_mp0.75_ep20.0_cfd25,45,15,0.75,20.0,25,13000.0,10832.55,2.8464,2257.15,4319.19,12294.07,5770.25,1000.0,19064.32,6064.32,46.65,314,198,105,11,41,4602.8,0,0,0,,0.0
mf45_ef15_mp0.75_ep20.0_cfd40,45,15,0.75,20.0,40,13000.0,10832.55,2.8464,2257.15,4319.19,12294.07,5770.25,1000.0,19064.32,6064.32,46.65,314,198,105,11,41,4602.8,0,0,0,,0.0
mf45_ef15_mp0.75_ep20.0_cfd35,45,15,0.75,20.0,35,13000.0,10832.55,2.8464,2257.15,4319.19,12294.07,5770.25,1000.0,19064.32,6064.32,46.65,314,198,105,11,41,4602.8,0,0,0,,0.0
mf45_ef15_mp0.75_ep20.0_cfd30,45,15,0.75,20.0,30,13000.0,10832.55,2.8464,2257.15,4319.19,12294.07,5770.25,1000.0,19064.32,6064.32,46.65,314,198,105,11,41,4602.8,0,0,0,,0.0
mf40_ef15_mp0.75_ep17.5_cfd20,40,15,0.75,17.5,20,13000.0,10247.17,2.6965,2237.71,4319.19,11646.58,6208.07,1208.6,19063.26,6063.26,46.64,314,212,91,11,41,4455.25,8,2,6,25.0,208.6
mf35_ef15_mp1.25_ep17.5_cfd35,35,15,1.25,17.5,35,13000.0,10692.69,2.8344,2258.22,4319.19,12242.34,5816.91,1000.0,19059.25,6059.25,46.61,314,226,77,11,41,4509.6,0,0,0,,0.0
mf35_ef15_mp1.25_ep17.5_cfd25,35,15,1.25,17.5,25,13000.0,10692.69,2.8344,2258.22,4319.19,12242.34,5816.91,1000.0,19059.25,6059.25,46.61,314,226,77,11,41,4509.6,0,0,0,,0.0
mf35_ef15_mp1.25_ep17.5_cfd40,35,15,1.25,17.5,40,13000.0,10692.69,2.8344,2258.22,4319.19,12242.34,5816.91,1000.0,19059.25,6059.25,46.61,314,226,77,11,41,4509.6,0,0,0,,0.0
mf35_ef15_mp1.25_ep17.5_cfd30,35,15,1.25,17.5,30,13000.0,10692.69,2.8344,2258.22,4319.19,12242.34,5816.91,1000.0,19059.25,6059.25,46.61,314,226,77,11,41,4509.6,0,0,0,,0.0
mf45_ef15_mp0.75_ep15.0_cfd20,45,15,0.75,15.0,20,13000.0,10213.45,2.6984,2237.78,4319.19,11654.88,6191.0,1208.6,19054.48,6054.48,46.57,314,198,105,11,41,4404.46,8,2,6,25.0,208.6
mf45_ef15_mp1.25_ep10.0_cfd35,45,15,1.25,10.0,35,13000.0,10613.97,2.8237,2248.51,4319.19,12196.08,5855.44,1000.0,19051.52,6051.52,46.55,314,198,105,11,41,4469.41,0,0,0,,0.0
mf45_ef15_mp1.25_ep10.0_cfd25,45,15,1.25,10.0,25,13000.0,10613.97,2.8237,2248.51,4319.19,12196.08,5855.44,1000.0,19051.52,6051.52,46.55,314,198,105,11,41,4469.41,0,0,0,,0.0
mf45_ef15_mp1.25_ep10.0_cfd30,45,15,1.25,10.0,30,13000.0,10613.97,2.8237,2248.51,4319.19,12196.08,5855.44,1000.0,19051.52,6051.52,46.55,314,198,105,11,41,4469.41,0,0,0,,0.0
mf45_ef15_mp1.25_ep10.0_cfd40,45,15,1.25,10.0,40,13000.0,10613.97,2.8237,2248.51,4319.19,12196.08,5855.44,1000.0,19051.52,6051.52,46.55,314,198,105,11,41,4469.41,0,0,0,,0.0
mf35_ef15_mp1.25_ep12.5_cfd20,35,15,1.25,12.5,20,13000.0,10072.98,2.6869,2239.31,4319.19,11605.32,6233.13,1208.6,19047.05,6047.05,46.52,314,226,77,11,41,4306.1,8,2,6,25.0,208.6
mf40_ef15_mp1.00_ep17.5_cfd25,40,15,1.0,17.5,25,13000.0,10662.98,2.8071,2248.69,4319.19,12124.48,5911.36,1000.0,19035.84,6035.84,46.43,314,212,91,11,41,4574.34,0,0,0,,0.0
mf40_ef15_mp1.00_ep17.5_cfd40,40,15,1.0,17.5,40,13000.0,10662.98,2.8071,2248.69,4319.19,12124.48,5911.36,1000.0,19035.84,6035.84,46.43,314,212,91,11,41,4574.34,0,0,0,,0.0
mf40_ef15_mp1.00_ep17.5_cfd30,40,15,1.0,17.5,30,13000.0,10662.98,2.8071,2248.69,4319.19,12124.48,5911.36,1000.0,19035.84,6035.84,46.43,314,212,91,11,41,4574.34,0,0,0,,0.0
mf40_ef15_mp1.00_ep17.5_cfd35,40,15,1.0,17.5,35,13000.0,10662.98,2.8071,2248.69,4319.19,12124.48,5911.36,1000.0,19035.84,6035.84,46.43,314,212,91,11,41,4574.34,0,0,0,,0.0
mf35_ef15_mp1.00_ep15.0_cfd20,35,15,1.0,15.0,20,13000.0,10041.65,2.6661,2237.62,4319.19,11515.34,6284.71,1208.6,19008.66,6008.66,46.22,314,226,77,11,41,4326.36,8,2,6,25.0,208.6
mf35_ef15_mp1.50_ep12.5_cfd25,35,15,1.5,12.5,25,13000.0,10435.34,2.7871,2249.05,4319.19,12037.88,5969.23,1000.0,19007.11,6007.11,46.21,314,226,77,11,41,4404.57,0,0,0,,0.0
mf35_ef15_mp1.50_ep12.5_cfd35,35,15,1.5,12.5,35,13000.0,10435.34,2.7871,2249.05,4319.19,12037.88,5969.23,1000.0,19007.11,6007.11,46.21,314,226,77,11,41,4404.57,0,0,0,,0.0
mf35_ef15_mp1.50_ep12.5_cfd30,35,15,1.5,12.5,30,13000.0,10435.34,2.7871,2249.05,4319.19,12037.88,5969.23,1000.0,19007.11,6007.11,46.21,314,226,77,11,41,4404.57,0,0,0,,0.0
mf35_ef15_mp1.50_ep12.5_cfd40,35,15,1.5,12.5,40,13000.0,10435.34,2.7871,2249.05,4319.19,12037.88,5969.23,1000.0,19007.11,6007.11,46.21,314,226,77,11,41,4404.57,0,0,0,,0.0
mf35_ef15_mp1.00_ep20.0_cfd40,35,15,1.0,20.0,40,13000.0,10652.82,2.8115,2259.15,4319.19,12143.29,5860.36,1000.0,19003.64,6003.64,46.18,314,226,77,11,41,4513.18,0,0,0,,0.0
mf35_ef15_mp1.00_ep20.0_cfd30,35,15,1.0,20.0,30,13000.0,10652.82,2.8115,2259.15,4319.19,12143.29,5860.36,1000.0,19003.64,6003.64,46.18,314,226,77,11,41,4513.18,0,0,0,,0.0
mf35_ef15_mp1.00_ep20.0_cfd35,35,15,1.0,20.0,35,13000.0,10652.82,2.8115,2259.15,4319.19,12143.29,5860.36,1000.0,19003.64,6003.64,46.18,314,226,77,11,41,4513.18,0,0,0,,0.0
mf35_ef15_mp1.00_ep20.0_cfd25,35,15,1.0,20.0,25,13000.0,10652.82,2.8115,2259.15,4319.19,12143.29,5860.36,1000.0,19003.64,6003.64,46.18,314,226,77,11,41,4513.18,0,0,0,,0.0
mf40_ef15_mp1.00_ep12.5_cfd20,40,15,1.0,12.5,20,13000.0,10018.01,2.6524,2230.36,4319.19,11456.06,6338.0,1208.6,19002.66,6002.66,46.17,314,212,91,11,41,4356.0,8,2,6,25.0,208.6
mf40_ef15_mp1.25_ep12.5_cfd40,40,15,1.25,12.5,40,13000.0,10466.44,2.7718,2240.48,4319.19,11971.93,6029.05,1000.0,19000.97,6000.97,46.16,314,212,91,11,41,4495.48,0,0,0,,0.0
mf40_ef15_mp1.25_ep12.5_cfd25,40,15,1.25,12.5,25,13000.0,10466.44,2.7718,2240.48,4319.19,11971.93,6029.05,1000.0,19000.97,6000.97,46.16,314,212,91,11,41,4495.48,0,0,0,,0.0
mf40_ef15_mp1.25_ep12.5_cfd35,40,15,1.25,12.5,35,13000.0,10466.44,2.7718,2240.48,4319.19,11971.93,6029.05,1000.0,19000.97,6000.97,46.16,314,212,91,11,41,4495.48,0,0,0,,0.0
mf40_ef15_mp1.25_ep12.5_cfd30,40,15,1.25,12.5,30,13000.0,10466.44,2.7718,2240.48,4319.19,11971.93,6029.05,1000.0,19000.97,6000.97,46.16,314,212,91,11,41,4495.48,0,0,0,,0.0
mf45_ef15_mp1.00_ep10.0_cfd20,45,15,1.0,10.0,20,13000.0,10054.39,2.6737,2237.64,4319.19,11548.08,6239.85,1208.6,18996.54,5996.54,46.13,314,198,105,11,41,4294.24,8,2,6,25.0,208.6
mf35_ef15_mp0.75_ep17.5_cfd20,35,15,0.75,17.5,20,13000.0,10011.2,2.6456,2236.54,4319.19,11426.68,6332.5,1208.6,18967.79,5967.79,45.91,314,226,77,11,41,4343.7,8,2,6,25.0,208.6
mf45_ef15_mp0.75_ep17.5_cfd35,45,15,0.75,17.5,35,13000.0,10537.45,2.7763,2246.87,4319.19,11991.21,5976.52,1000.0,18967.73,5967.73,45.91,314,198,105,11,41,4513.97,0,0,0,,0.0
mf45_ef15_mp0.75_ep17.5_cfd30,45,15,0.75,17.5,30,13000.0,10537.45,2.7763,2246.87,4319.19,11991.21,5976.52,1000.0,18967.73,5967.73,45.91,314,198,105,11,41,4513.97,0,0,0,,0.0
mf45_ef15_mp0.75_ep17.5_cfd25,45,15,0.75,17.5,25,13000.0,10537.45,2.7763,2246.87,4319.19,11991.21,5976.52,1000.0,18967.73,5967.73,45.91,314,198,105,11,41,4513.97,0,0,0,,0.0
mf45_ef15_mp0.75_ep17.5_cfd40,45,15,0.75,17.5,40,13000.0,10537.45,2.7763,2246.87,4319.19,11991.21,5976.52,1000.0,18967.73,5967.73,45.91,314,198,105,11,41,4513.97,0,0,0,,0.0
mf35_ef15_mp1.25_ep15.0_cfd25,35,15,1.25,15.0,25,13000.0,10397.44,2.7645,2248.19,4319.19,11940.5,6020.77,1000.0,18961.27,5961.27,45.86,314,226,77,11,41,4418.21,0,0,0,,0.0
mf35_ef15_mp1.25_ep15.0_cfd40,35,15,1.25,15.0,40,13000.0,10397.44,2.7645,2248.19,4319.19,11940.5,6020.77,1000.0,18961.27,5961.27,45.86,314,226,77,11,41,4418.21,0,0,0,,0.0
mf35_ef15_mp1.25_ep15.0_cfd30,35,15,1.25,15.0,30,13000.0,10397.44,2.7645,2248.19,4319.19,11940.5,6020.77,1000.0,18961.27,5961.27,45.86,314,226,77,11,41,4418.21,0,0,0,,0.0
mf35_ef15_mp1.25_ep15.0_cfd35,35,15,1.25,15.0,35,13000.0,10397.44,2.7645,2248.19,4319.19,11940.5,6020.77,1000.0,18961.27,5961.27,45.86,314,226,77,11,41,4418.21,0,0,0,,0.0
mf40_ef15_mp0.75_ep20.0_cfd35,40,15,0.75,20.0,35,13000.0,10552.7,2.7693,2248.98,4319.19,11961.13,5993.29,1000.0,18954.42,5954.42,45.8,314,212,91,11,41,4545.99,0,0,0,,0.0
mf40_ef15_mp0.75_ep20.0_cfd40,40,15,0.75,20.0,40,13000.0,10552.7,2.7693,2248.98,4319.19,11961.13,5993.29,1000.0,18954.42,5954.42,45.8,314,212,91,11,41,4545.99,0,0,0,,0.0
mf40_ef15_mp0.75_ep20.0_cfd30,40,15,0.75,20.0,30,13000.0,10552.7,2.7693,2248.98,4319.19,11961.13,5993.29,1000.0,18954.42,5954.42,45.8,314,212,91,11,41,4545.99,0,0,0,,0.0
mf40_ef15_mp0.75_ep20.0_cfd25,40,15,0.75,20.0,25,13000.0,10552.7,2.7693,2248.98,4319.19,11961.13,5993.29,1000.0,18954.42,5954.42,45.8,314,212,91,11,41,4545.99,0,0,0,,0.0
mf45_ef15_mp1.00_ep12.5_cfd40,45,15,1.0,12.5,40,13000.0,10414.7,2.7612,2243.18,4319.19,11926.29,6023.08,1000.0,18949.37,5949.37,45.76,314,198,105,11,41,4437.78,0,0,0,,0.0
mf45_ef15_mp1.00_ep12.5_cfd35,45,15,1.0,12.5,35,13000.0,10414.7,2.7612,2243.18,4319.19,11926.29,6023.08,1000.0,18949.37,5949.37,45.76,314,198,105,11,41,4437.78,0,0,0,,0.0
mf45_ef15_mp1.00_ep12.5_cfd25,45,15,1.0,12.5,25,13000.0,10414.7,2.7612,2243.18,4319.19,11926.29,6023.08,1000.0,18949.37,5949.37,45.76,314,198,105,11,41,4437.78,0,0,0,,0.0
mf45_ef15_mp1.00_ep12.5_cfd30,45,15,1.0,12.5,30,13000.0,10414.7,2.7612,2243.18,4319.19,11926.29,6023.08,1000.0,18949.37,5949.37,45.76,314,198,105,11,41,4437.78,0,0,0,,0.0
mf40_ef15_mp0.75_ep15.0_cfd20,40,15,0.75,15.0,20,13000.0,9911.75,2.6156,2227.58,4319.19,11297.3,6431.57,1208.6,18937.47,5937.47,45.67,314,212,91,11,41,4343.32,8,2,6,25.0,208.6
mf40_ef15_mp1.00_ep15.0_cfd35,40,15,1.0,15.0,35,13000.0,10356.29,2.734,2238.88,4319.19,11808.52,6120.1,1000.0,18928.62,5928.62,45.6,314,212,91,11,41,4476.39,0,0,0,,0.0
mf40_ef15_mp1.00_ep15.0_cfd25,40,15,1.0,15.0,25,13000.0,10356.29,2.734,2238.88,4319.19,11808.52,6120.1,1000.0,18928.62,5928.62,45.6,314,212,91,11,41,4476.39,0,0,0,,0.0
mf40_ef15_mp1.00_ep15.0_cfd30,40,15,1.0,15.0,30,13000.0,10356.29,2.734,2238.88,4319.19,11808.52,6120.1,1000.0,18928.62,5928.62,45.6,314,212,91,11,41,4476.39,0,0,0,,0.0
mf40_ef15_mp1.00_ep15.0_cfd40,40,15,1.0,15.0,40,13000.0,10356.29,2.734,2238.88,4319.19,11808.52,6120.1,1000.0,18928.62,5928.62,45.6,314,212,91,11,41,4476.39,0,0,0,,0.0
mf35_ef15_mp1.00_ep17.5_cfd30,35,15,1.0,17.5,30,13000.0,10360.84,2.7424,2247.88,4319.19,11844.95,6068.58,1000.0,18913.52,5913.52,45.49,314,226,77,11,41,4429.42,0,0,0,,0.0
mf35_ef15_mp1.00_ep17.5_cfd35,35,15,1.0,17.5,35,13000.0,10360.84,2.7424,2247.88,4319.19,11844.95,6068.58,1000.0,18913.52,5913.52,45.49,314,226,77,11,41,4429.42,0,0,0,,0.0
mf35_ef15_mp1.00_ep17.5_cfd25,35,15,1.0,17.5,25,13000.0,10360.84,2.7424,2247.88,4319.19,11844.95,6068.58,1000.0,18913.52,5913.52,45.49,314,226,77,11,41,4429.42,0,0,0,,0.0
mf35_ef15_mp1.00_ep17.5_cfd40,35,15,1.0,17.5,40,13000.0,10360.84,2.7424,2247.88,4319.19,11844.95,6068.58,1000.0,18913.52,5913.52,45.49,314,226,77,11,41,4429.42,0,0,0,,0.0
mf45_ef15_mp0.75_ep12.5_cfd20,45,15,0.75,12.5,20,13000.0,9853.59,2.6109,2230.26,4319.19,11276.78,6415.88,1208.6,18901.26,5901.26,45.39,314,198,105,11,41,4269.47,8,2,6,25.0,208.6
mf35_ef15_mp1.25_ep10.0_cfd20,35,15,1.25,10.0,20,13000.0,9712.45,2.5997,2231.94,4319.19,11228.76,6456.16,1208.6,18893.53,5893.53,45.33,314,226,77,11,41,4168.61,8,2,6,25.0,208.6
mf35_ef15_mp1.50_ep10.0_cfd25,35,15,1.5,10.0,25,13000.0,10105.13,2.7081,2241.5,4319.19,11697.0,6178.17,1000.0,18875.17,5875.17,45.19,314,226,77,11,41,4283.3,0,0,0,,0.0
mf35_ef15_mp1.50_ep10.0_cfd40,35,15,1.5,10.0,40,13000.0,10105.13,2.7081,2241.5,4319.19,11697.0,6178.17,1000.0,18875.17,5875.17,45.19,314,226,77,11,41,4283.3,0,0,0,,0.0
mf35_ef15_mp1.50_ep10.0_cfd30,35,15,1.5,10.0,30,13000.0,10105.13,2.7081,2241.5,4319.19,11697.0,6178.17,1000.0,18875.17,5875.17,45.19,314,226,77,11,41,4283.3,0,0,0,,0.0
mf35_ef15_mp1.50_ep10.0_cfd35,35,15,1.5,10.0,35,13000.0,10105.13,2.7081,2241.5,4319.19,11697.0,6178.17,1000.0,18875.17,5875.17,45.19,314,226,77,11,41,4283.3,0,0,0,,0.0
mf35_ef15_mp1.00_ep12.5_cfd20,35,15,1.0,12.5,20,13000.0,9688.68,2.5807,2228.7,4319.19,11146.73,6510.85,1208.6,18866.19,5866.19,45.12,314,226,77,11,41,4199.53,8,2,6,25.0,208.6
mf35_ef15_mp0.75_ep20.0_cfd30,35,15,0.75,20.0,30,13000.0,10325.71,2.7207,2248.23,4319.19,11751.01,6112.2,1000.0,18863.21,5863.21,45.1,314,226,77,11,41,4437.91,0,0,0,,0.0
mf35_ef15_mp0.75_ep20.0_cfd40,35,15,0.75,20.0,40,13000.0,10325.71,2.7207,2248.23,4319.19,11751.01,6112.2,1000.0,18863.21,5863.21,45.1,314,226,77,11,41,4437.91,0,0,0,,0.0
mf35_ef15_mp0.75_ep20.0_cfd35,35,15,0.75,20.0,35,13000.0,10325.71,2.7207,2248.23,4319.19,11751.01,6112.2,1000.0,18863.21,5863.21,45.1,314,226,77,11,41,4437.91,0,0,0,,0.0
mf35_ef15_mp0.75_ep20.0_cfd25,35,15,0.75,20.0,25,13000.0,10325.71,2.7207,2248.23,4319.19,11751.01,6112.2,1000.0,18863.21,5863.21,45.1,314,226,77,11,41,4437.91,0,0,0,,0.0
mf40_ef15_mp1.25_ep10.0_cfd25,40,15,1.25,10.0,25,13000.0,10125.12,2.6895,2233.45,4319.19,11616.52,6241.67,1000.0,18858.19,5858.19,45.06,314,212,91,11,41,4366.79,0,0,0,,0.0
mf40_ef15_mp1.25_ep10.0_cfd30,40,15,1.25,10.0,30,13000.0,10125.12,2.6895,2233.45,4319.19,11616.52,6241.67,1000.0,18858.19,5858.19,45.06,314,212,91,11,41,4366.79,0,0,0,,0.0
mf40_ef15_mp1.25_ep10.0_cfd40,40,15,1.25,10.0,40,13000.0,10125.12,2.6895,2233.45,4319.19,11616.52,6241.67,1000.0,18858.19,5858.19,45.06,314,212,91,11,41,4366.79,0,0,0,,0.0
mf40_ef15_mp1.25_ep10.0_cfd35,40,15,1.25,10.0,35,13000.0,10125.12,2.6895,2233.45,4319.19,11616.52,6241.67,1000.0,18858.19,5858.19,45.06,314,212,91,11,41,4366.79,0,0,0,,0.0
mf40_ef15_mp0.75_ep17.5_cfd40,40,15,0.75,17.5,40,13000.0,10247.17,2.6965,2237.71,4319.19,11646.58,6208.07,1000.0,18854.66,5854.66,45.04,314,212,91,11,41,4455.25,0,0,0,,0.0
mf40_ef15_mp0.75_ep17.5_cfd35,40,15,0.75,17.5,35,13000.0,10247.17,2.6965,2237.71,4319.19,11646.58,6208.07,1000.0,18854.66,5854.66,45.04,314,212,91,11,41,4455.25,0,0,0,,0.0
mf40_ef15_mp0.75_ep17.5_cfd30,40,15,0.75,17.5,30,13000.0,10247.17,2.6965,2237.71,4319.19,11646.58,6208.07,1000.0,18854.66,5854.66,45.04,314,212,91,11,41,4455.25,0,0,0,,0.0
mf40_ef15_mp0.75_ep17.5_cfd25,40,15,0.75,17.5,25,13000.0,10247.17,2.6965,2237.71,4319.19,11646.58,6208.07,1000.0,18854.66,5854.66,45.04,314,212,91,11,41,4455.25,0,0,0,,0.0
mf45_ef15_mp0.75_ep15.0_cfd35,45,15,0.75,15.0,35,13000.0,10213.45,2.6984,2237.78,4319.19,11654.88,6191.0,1000.0,18845.88,5845.88,44.97,314,198,105,11,41,4404.46,0,0,0,,0.0
mf45_ef15_mp0.75_ep15.0_cfd30,45,15,0.75,15.0,30,13000.0,10213.45,2.6984,2237.78,4319.19,11654.88,6191.0,1000.0,18845.88,5845.88,44.97,314,198,105,11,41,4404.46,0,0,0,,0.0
mf45_ef15_mp0.75_ep15.0_cfd25,45,15,0.75,15.0,25,13000.0,10213.45,2.6984,2237.78,4319.19,11654.88,6191.0,1000.0,18845.88,5845.88,44.97,314,198,105,11,41,4404.46,0,0,0,,0.0
mf45_ef15_mp0.75_ep15.0_cfd40,45,15,0.75,15.0,40,13000.0,10213.45,2.6984,2237.78,4319.19,11654.88,6191.0,1000.0,18845.88,5845.88,44.97,314,198,105,11,41,4404.46,0,0,0,,0.0
mf35_ef15_mp1.25_ep12.5_cfd30,35,15,1.25,12.5,30,13000.0,10072.98,2.6869,2239.31,4319.19,11605.32,6233.13,1000.0,18838.44,5838.44,44.91,314,226,77,11,41,4306.1,0,0,0,,0.0
mf35_ef15_mp1.25_ep12.5_cfd35,35,15,1.25,12.5,35,13000.0,10072.98,2.6869,2239.31,4319.19,11605.32,6233.13,1000.0,18838.44,5838.44,44.91,314,226,77,11,41,4306.1,0,0,0,,0.0
mf35_ef15_mp1.25_ep12.5_cfd40,35,15,1.25,12.5,40,13000.0,10072.98,2.6869,2239.31,4319.19,11605.32,6233.13,1000.0,18838.44,5838.44,44.91,314,226,77,11,41,4306.1,0,0,0,,0.0
mf35_ef15_mp1.25_ep12.5_cfd25,35,15,1.25,12.5,25,13000.0,10072.98,2.6869,2239.31,4319.19,11605.32,6233.13,1000.0,18838.44,5838.44,44.91,314,226,77,11,41,4306.1,0,0,0,,0.0
mf35_ef15_mp0.75_ep15.0_cfd20,35,15,0.75,15.0,20,13000.0,9665.25,2.562,2226.02,4319.19,11065.85,6562.13,1208.6,18836.58,5836.58,44.9,314,226,77,11,41,4227.38,8,2,6,25.0,208.6
mf40_ef15_mp1.00_ep10.0_cfd20,40,15,1.0,10.0,20,13000.0,9640.72,2.5603,2223.53,4319.19,11058.34,6567.41,1208.6,18834.35,5834.35,44.88,314,212,91,11,41,4208.13,8,2,6,25.0,208.6
mf35_ef15_mp1.00_ep15.0_cfd40,35,15,1.0,15.0,40,13000.0,10041.65,2.6661,2237.62,4319.19,11515.34,6284.71,1000.0,18800.05,5800.05,44.62,314,226,77,11,41,4326.36,0,0,0,,0.0
mf35_ef15_mp1.00_ep15.0_cfd25,35,15,1.0,15.0,25,13000.0,10041.65,2.6661,2237.62,4319.19,11515.34,6284.71,1000.0,18800.05,5800.05,44.62,314,226,77,11,41,4326.36,0,0,0,,0.0
mf35_ef15_mp1.00_ep15.0_cfd30,35,15,1.0,15.0,30,13000.0,10041.65,2.6661,2237.62,4319.19,11515.34,6284.71,1000.0,18800.05,5800.05,44.62,314,226,77,11,41,4326.36,0,0,0,,0.0
mf35_ef15_mp1.00_ep15.0_cfd35,35,15,1.0,15.0,35,13000.0,10041.65,2.6661,2237.62,4319.19,11515.34,6284.71,1000.0,18800.05,5800.05,44.62,314,226,77,11,41,4326.36,0,0,0,,0.0
mf40_ef15_mp1.00_ep12.5_cfd25,40,15,1.0,12.5,25,13000.0,10018.01,2.6524,2230.36,4319.19,11456.06,6338.0,1000.0,18794.06,5794.06,44.57,314,212,91,11,41,4356.0,0,0,0,,0.0
mf40_ef15_mp1.00_ep12.5_cfd30,40,15,1.0,12.5,30,13000.0,10018.01,2.6524,2230.36,4319.19,11456.06,6338.0,1000.0,18794.06,5794.06,44.57,314,212,91,11,41,4356.0,0,0,0,,0.0
mf40_ef15_mp1.00_ep12.5_cfd35,40,15,1.0,12.5,35,13000.0,10018.01,2.6524,2230.36,4319.19,11456.06,6338.0,1000.0,18794.06,5794.06,44.57,314,212,91,11,41,4356.0,0,0,0,,0.0
mf40_ef15_mp1.00_ep12.5_cfd40,40,15,1.0,12.5,40,13000.0,10018.01,2.6524,2230.36,4319.19,11456.06,6338.0,1000.0,18794.06,5794.06,44.57,314,212,91,11,41,4356.0,0,0,0,,0.0
mf45_ef15_mp1.00_ep10.0_cfd30,45,15,1.0,10.0,30,13000.0,10054.39,2.6737,2237.64,4319.19,11548.08,6239.85,1000.0,18787.93,5787.93,44.52,314,198,105,11,41,4294.24,0,0,0,,0.0
mf45_ef15_mp1.00_ep10.0_cfd25,45,15,1.0,10.0,25,13000.0,10054.39,2.6737,2237.64,4319.19,11548.08,6239.85,1000.0,18787.93,5787.93,44.52,314,198,105,11,41,4294.24,0,0,0,,0.0
mf45_ef15_mp1.00_ep10.0_cfd35,45,15,1.0,10.0,35,13000.0,10054.39,2.6737,2237.64,4319.19,11548.08,6239.85,1000.0,18787.93,5787.93,44.52,314,198,105,11,41,4294.24,0,0,0,,0.0
mf45_ef15_mp1.00_ep10.0_cfd40,45,15,1.0,10.0,40,13000.0,10054.39,2.6737,2237.64,4319.19,11548.08,6239.85,1000.0,18787.93,5787.93,44.52,314,198,105,11,41,4294.24,0,0,0,,0.0
mf40_ef15_mp0.75_ep12.5_cfd20,40,15,0.75,12.5,20,13000.0,9539.2,2.5247,2218.96,4319.19,10904.66,6666.11,1208.6,18779.38,5779.38,44.46,314,212,91,11,41,4205.31,8,2,6,25.0,208.6
mf35_ef15_mp0.75_ep17.5_cfd25,35,15,0.75,17.5,25,13000.0,10011.2,2.6456,2236.54,4319.19,11426.68,6332.5,1000.0,18759.18,5759.18,44.3,314,226,77,11,41,4343.7,0,0,0,,0.0
mf35_ef15_mp0.75_ep17.5_cfd35,35,15,0.75,17.5,35,13000.0,10011.2,2.6456,2236.54,4319.19,11426.68,6332.5,1000.0,18759.18,5759.18,44.3,314,226,77,11,41,4343.7,0,0,0,,0.0
mf35_ef15_mp0.75_ep17.5_cfd30,35,15,0.75,17.5,30,13000.0,10011.2,2.6456,2236.54,4319.19,11426.68,6332.5,1000.0,18759.18,5759.18,44.3,314,226,77,11,41,4343.7,0,0,0,,0.0
mf35_ef15_mp0.75_ep17.5_cfd40,35,15,0.75,17.5,40,13000.0,10011.2,2.6456,2236.54,4319.19,11426.68,6332.5,1000.0,18759.18,5759.18,44.3,314,226,77,11,41,4343.7,0,0,0,,0.0
mf40_ef15_mp0.75_ep15.0_cfd25,40,15,0.75,15.0,25,13000.0,9911.75,2.6156,2227.58,4319.19,11297.3,6431.57,1000.0,18728.87,5728.87,44.07,314,212,91,11,41,4343.32,0,0,0,,0.0
mf40_ef15_mp0.75_ep15.0_cfd30,40,15,0.75,15.0,30,13000.0,9911.75,2.6156,2227.58,4319.19,11297.3,6431.57,1000.0,18728.87,5728.87,44.07,314,212,91,11,41,4343.32,0,0,0,,0.0
mf40_ef15_mp0.75_ep15.0_cfd35,40,15,0.75,15.0,35,13000.0,9911.75,2.6156,2227.58,4319.19,11297.3,6431.57,1000.0,18728.87,5728.87,44.07,314,212,91,11,41,4343.32,0,0,0,,0.0
mf40_ef15_mp0.75_ep15.0_cfd40,40,15,0.75,15.0,40,13000.0,9911.75,2.6156,2227.58,4319.19,11297.3,6431.57,1000.0,18728.87,5728.87,44.07,314,212,91,11,41,4343.32,0,0,0,,0.0
mf45_ef15_mp0.75_ep10.0_cfd20,45,15,0.75,10.0,20,13000.0,9449.41,2.5113,2224.85,4319.19,10846.88,6653.84,1208.6,18709.32,5709.32,43.92,314,198,105,11,41,4103.25,8,2,6,25.0,208.6
mf45_ef15_mp0.75_ep12.5_cfd40,45,15,0.75,12.5,40,13000.0,9853.59,2.6109,2230.26,4319.19,11276.78,6415.88,1000.0,18692.65,5692.65,43.79,314,198,105,11,41,4269.47,0,0,0,,0.0
mf45_ef15_mp0.75_ep12.5_cfd25,45,15,0.75,12.5,25,13000.0,9853.59,2.6109,2230.26,4319.19,11276.78,6415.88,1000.0,18692.65,5692.65,43.79,314,198,105,11,41,4269.47,0,0,0,,0.0
mf45_ef15_mp0.75_ep12.5_cfd30,45,15,0.75,12.5,30,13000.0,9853.59,2.6109,2230.26,4319.19,11276.78,6415.88,1000.0,18692.65,5692.65,43.79,314,198,105,11,41,4269.47,0,0,0,,0.0
mf45_ef15_mp0.75_ep12.5_cfd35,45,15,0.75,12.5,35,13000.0,9853.59,2.6109,2230.26,4319.19,11276.78,6415.88,1000.0,18692.65,5692.65,43.79,314,198,105,11,41,4269.47,0,0,0,,0.0
mf35_ef15_mp1.00_ep10.0_cfd20,35,15,1.0,10.0,20,13000.0,9293.97,2.4842,2221.56,4319.19,10729.73,6749.6,1208.6,18687.94,5687.94,43.75,314,226,77,11,41,4043.57,8,2,6,25.0,208.6
mf35_ef15_mp1.25_ep10.0_cfd30,35,15,1.25,10.0,30,13000.0,9712.45,2.5997,2231.94,4319.19,11228.76,6456.16,1000.0,18684.93,5684.93,43.73,314,226,77,11,41,4168.61,0,0,0,,0.0
mf35_ef15_mp1.25_ep10.0_cfd35,35,15,1.25,10.0,35,13000.0,9712.45,2.5997,2231.94,4319.19,11228.76,6456.16,1000.0,18684.93,5684.93,43.73,314,226,77,11,41,4168.61,0,0,0,,0.0
mf35_ef15_mp1.25_ep10.0_cfd25,35,15,1.25,10.0,25,13000.0,9712.45,2.5997,2231.94,4319.19,11228.76,6456.16,1000.0,18684.93,5684.93,43.73,314,226,77,11,41,4168.61,0,0,0,,0.0
mf35_ef15_mp1.25_ep10.0_cfd40,35,15,1.25,10.0,40,13000.0,9712.45,2.5997,2231.94,4319.19,11228.76,6456.16,1000.0,18684.93,5684.93,43.73,314,226,77,11,41,4168.61,0,0,0,,0.0
mf35_ef15_mp0.75_ep12.5_cfd20,35,15,0.75,12.5,20,13000.0,9280.24,2.4679,2217.06,4319.19,10659.45,6803.57,1208.6,18671.63,5671.63,43.63,314,226,77,11,41,4083.82,8,2,6,25.0,208.6
mf35_ef15_mp1.00_ep12.5_cfd25,35,15,1.0,12.5,25,13000.0,9688.68,2.5807,2228.7,4319.19,11146.73,6510.85,1000.0,18657.59,5657.59,43.52,314,226,77,11,41,4199.53,0,0,0,,0.0
mf35_ef15_mp1.00_ep12.5_cfd30,35,15,1.0,12.5,30,13000.0,9688.68,2.5807,2228.7,4319.19,11146.73,6510.85,1000.0,18657.59,5657.59,43.52,314,226,77,11,41,4199.53,0,0,0,,0.0
mf35_ef15_mp1.00_ep12.5_cfd35,35,15,1.0,12.5,35,13000.0,9688.68,2.5807,2228.7,4319.19,11146.73,6510.85,1000.0,18657.59,5657.59,43.52,314,226,77,11,41,4199.53,0,0,0,,0.0
mf35_ef15_mp1.00_ep12.5_cfd40,35,15,1.0,12.5,40,13000.0,9688.68,2.5807,2228.7,4319.19,11146.73,6510.85,1000.0,18657.59,5657.59,43.52,314,226,77,11,41,4199.53,0,0,0,,0.0
mf35_ef15_mp0.75_ep15.0_cfd35,35,15,0.75,15.0,35,13000.0,9665.25,2.562,2226.02,4319.19,11065.85,6562.13,1000.0,18627.98,5627.98,43.29,314,226,77,11,41,4227.38,0,0,0,,0.0
mf35_ef15_mp0.75_ep15.0_cfd25,35,15,0.75,15.0,25,13000.0,9665.25,2.562,2226.02,4319.19,11065.85,6562.13,1000.0,18627.98,5627.98,43.29,314,226,77,11,41,4227.38,0,0,0,,0.0
mf35_ef15_mp0.75_ep15.0_cfd40,35,15,0.75,15.0,40,13000.0,9665.25,2.562,2226.02,4319.19,11065.85,6562.13,1000.0,18627.98,5627.98,43.29,314,226,77,11,41,4227.38,0,0,0,,0.0
mf35_ef15_mp0.75_ep15.0_cfd30,35,15,0.75,15.0,30,13000.0,9665.25,2.562,2226.02,4319.19,11065.85,6562.13,1000.0,18627.98,5627.98,43.29,314,226,77,11,41,4227.38,0,0,0,,0.0
mf40_ef15_mp1.00_ep10.0_cfd40,40,15,1.0,10.0,40,13000.0,9640.72,2.5603,2223.53,4319.19,11058.34,6567.41,1000.0,18625.75,5625.75,43.27,314,212,91,11,41,4208.13,0,0,0,,0.0
mf40_ef15_mp1.00_ep10.0_cfd35,40,15,1.0,10.0,35,13000.0,9640.72,2.5603,2223.53,4319.19,11058.34,6567.41,1000.0,18625.75,5625.75,43.27,314,212,91,11,41,4208.13,0,0,0,,0.0
mf40_ef15_mp1.00_ep10.0_cfd30,40,15,1.0,10.0,30,13000.0,9640.72,2.5603,2223.53,4319.19,11058.34,6567.41,1000.0,18625.75,5625.75,43.27,314,212,91,11,41,4208.13,0,0,0,,0.0
mf40_ef15_mp1.00_ep10.0_cfd25,40,15,1.0,10.0,25,13000.0,9640.72,2.5603,2223.53,4319.19,11058.34,6567.41,1000.0,18625.75,5625.75,43.27,314,212,91,11,41,4208.13,0,0,0,,0.0
mf40_ef15_mp0.75_ep10.0_cfd20,40,15,0.75,10.0,20,13000.0,9120.74,2.4213,2212.37,4319.19,10458.24,6914.55,1208.6,18581.4,5581.4,42.93,314,212,91,11,41,4035.29,8,2,6,25.0,208.6
mf40_ef15_mp0.75_ep12.5_cfd40,40,15,0.75,12.5,40,13000.0,9539.2,2.5247,2218.96,4319.19,10904.66,6666.11,1000.0,18570.77,5570.77,42.85,314,212,91,11,41,4205.31,0,0,0,,0.0
mf40_ef15_mp0.75_ep12.5_cfd30,40,15,0.75,12.5,30,13000.0,9539.2,2.5247,2218.96,4319.19,10904.66,6666.11,1000.0,18570.77,5570.77,42.85,314,212,91,11,41,4205.31,0,0,0,,0.0
mf40_ef15_mp0.75_ep12.5_cfd25,40,15,0.75,12.5,25,13000.0,9539.2,2.5247,2218.96,4319.19,10904.66,6666.11,1000.0,18570.77,5570.77,42.85,314,212,91,11,41,4205.31,0,0,0,,0.0
mf40_ef15_mp0.75_ep12.5_cfd35,40,15,0.75,12.5,35,13000.0,9539.2,2.5247,2218.96,4319.19,10904.66,6666.11,1000.0,18570.77,5570.77,42.85,314,212,91,11,41,4205.31,0,0,0,,0.0
mf45_ef15_mp0.75_ep10.0_cfd35,45,15,0.75,10.0,35,13000.0,9449.41,2.5113,2224.85,4319.19,10846.88,6653.84,1000.0,18500.72,5500.72,42.31,314,198,105,11,41,4103.25,0,0,0,,0.0
mf45_ef15_mp0.75_ep10.0_cfd40,45,15,0.75,10.0,40,13000.0,9449.41,2.5113,2224.85,4319.19,10846.88,6653.84,1000.0,18500.72,5500.72,42.31,314,198,105,11,41,4103.25,0,0,0,,0.0
mf45_ef15_mp0.75_ep10.0_cfd25,45,15,0.75,10.0,25,13000.0,9449.41,2.5113,2224.85,4319.19,10846.88,6653.84,1000.0,18500.72,5500.72,42.31,314,198,105,11,41,4103.25,0,0,0,,0.0
mf45_ef15_mp0.75_ep10.0_cfd30,45,15,0.75,10.0,30,13000.0,9449.41,2.5113,2224.85,4319.19,10846.88,6653.84,1000.0,18500.72,5500.72,42.31,314,198,105,11,41,4103.25,0,0,0,,0.0
mf35_ef15_mp1.00_ep10.0_cfd30,35,15,1.0,10.0,30,13000.0,9293.97,2.4842,2221.56,4319.19,10729.73,6749.6,1000.0,18479.33,5479.33,42.15,314,226,77,11,41,4043.57,0,0,0,,0.0
mf35_ef15_mp1.00_ep10.0_cfd40,35,15,1.0,10.0,40,13000.0,9293.97,2.4842,2221.56,4319.19,10729.73,6749.6,1000.0,18479.33,5479.33,42.15,314,226,77,11,41,4043.57,0,0,0,,0.0
mf35_ef15_mp1.00_ep10.0_cfd35,35,15,1.0,10.0,35,13000.0,9293.97,2.4842,2221.56,4319.19,10729.73,6749.6,1000.0,18479.33,5479.33,42.15,314,226,77,11,41,4043.57,0,0,0,,0.0
mf35_ef15_mp1.00_ep10.0_cfd25,35,15,1.0,10.0,25,13000.0,9293.97,2.4842,2221.56,4319.19,10729.73,6749.6,1000.0,18479.33,5479.33,42.15,314,226,77,11,41,4043.57,0,0,0,,0.0
mf35_ef15_mp0.75_ep10.0_cfd20,35,15,0.75,10.0,20,13000.0,8846.92,2.3607,2210.19,4319.19,10196.49,7059.91,1208.6,18465.01,5465.01,42.04,314,226,77,11,41,3906.83,8,2,6,25.0,208.6
mf35_ef15_mp0.75_ep12.5_cfd40,35,15,0.75,12.5,40,13000.0,9280.24,2.4679,2217.06,4319.19,10659.45,6803.57,1000.0,18463.02,5463.02,42.02,314,226,77,11,41,4083.82,0,0,0,,0.0
mf35_ef15_mp0.75_ep12.5_cfd35,35,15,0.75,12.5,35,13000.0,9280.24,2.4679,2217.06,4319.19,10659.45,6803.57,1000.0,18463.02,5463.02,42.02,314,226,77,11,41,4083.82,0,0,0,,0.0
mf35_ef15_mp0.75_ep12.5_cfd30,35,15,0.75,12.5,30,13000.0,9280.24,2.4679,2217.06,4319.19,10659.45,6803.57,1000.0,18463.02,5463.02,42.02,314,226,77,11,41,4083.82,0,0,0,,0.0
mf35_ef15_mp0.75_ep12.5_cfd25,35,15,0.75,12.5,25,13000.0,9280.24,2.4679,2217.06,4319.19,10659.45,6803.57,1000.0,18463.02,5463.02,42.02,314,226,77,11,41,4083.82,0,0,0,,0.0
mf40_ef15_mp0.75_ep10.0_cfd25,40,15,0.75,10.0,25,13000.0,9120.74,2.4213,2212.37,4319.19,10458.24,6914.55,1000.0,18372.8,5372.8,41.33,314,212,91,11,41,4035.29,0,0,0,,0.0
mf40_ef15_mp0.75_ep10.0_cfd40,40,15,0.75,10.0,40,13000.0,9120.74,2.4213,2212.37,4319.19,10458.24,6914.55,1000.0,18372.8,5372.8,41.33,314,212,91,11,41,4035.29,0,0,0,,0.0
mf40_ef15_mp0.75_ep10.0_cfd35,40,15,0.75,10.0,35,13000.0,9120.74,2.4213,2212.37,4319.19,10458.24,6914.55,1000.0,18372.8,5372.8,41.33,314,212,91,11,41,4035.29,0,0,0,,0.0
mf40_ef15_mp0.75_ep10.0_cfd30,40,15,0.75,10.0,30,13000.0,9120.74,2.4213,2212.37,4319.19,10458.24,6914.55,1000.0,18372.8,5372.8,41.33,314,212,91,11,41,4035.29,0,0,0,,0.0
mf35_ef15_mp0.75_ep10.0_cfd40,35,15,0.75,10.0,40,13000.0,8846.92,2.3607,2210.19,4319.19,10196.49,7059.91,1000.0,18256.4,5256.4,40.43,314,226,77,11,41,3906.83,0,0,0,,0.0
mf35_ef15_mp0.75_ep10.0_cfd35,35,15,0.75,10.0,35,13000.0,8846.92,2.3607,2210.19,4319.19,10196.49,7059.91,1000.0,18256.4,5256.4,40.43,314,226,77,11,41,3906.83,0,0,0,,0.0
mf35_ef15_mp0.75_ep10.0_cfd30,35,15,0.75,10.0,30,13000.0,8846.92,2.3607,2210.19,4319.19,10196.49,7059.91,1000.0,18256.4,5256.4,40.43,314,226,77,11,41,3906.83,0,0,0,,0.0
mf35_ef15_mp0.75_ep10.0_cfd25,35,15,0.75,10.0,25,13000.0,8846.92,2.3607,2210.19,4319.19,10196.49,7059.91,1000.0,18256.4,5256.4,40.43,314,226,77,11,41,3906.83,0,0,0,,0.0
